time,magnitude,place,lat,lon,depth
1740837593979,5.0,"22 km NE of Taytayan, Philippines",7.8935,126.6352,34.14
1740835055757,4.4,Fiji region,-21.0123,-178.5754,527.973
1740835025805,4.5,"21 km E of Shinjō, Japan",38.7729,140.552,10.0
1740833885750,4.27,"144 km NNE of Vieques, Puerto Rico",19.6466,-65.3375,25.0
1740831485700,3.55,"123 km NNE of Punta Cana, Dominican Republic",19.6238,-67.9941,37.0
1740830243129,3.5,"99 km NE of Wiseman, Alaska",68.1386,-148.7282,1.1
1740828693280,4.1,"1 km ESE of Kelso, Australia",-19.3914,146.7288,9.584
1740826351042,4.9,south of the Kermadec Islands,-33.6866,-178.4842,10.0
1740824576933,4.3,"95 km WNW of Manado, Indonesia",1.7982,124.0486,295.614
1740821930070,5.0,"117 km WNW of Mosquera, Colombia",2.8316,-79.4574,10.0
1740820463535,4.1,"105 km S of Poconé, Brazil",-17.2086,-56.6688,10.0
1740819420748,4.2,"23 km ESE of Yenangyaung, Myanmar",20.3696,95.0693,118.785
1740818365340,3.97,"139 km NNE of Vieques, Puerto Rico",19.5863,-65.3183,40.0
1740813354711,4.4,"71 km SSW of Ollagüe, Chile",-21.8402,-68.4751,121.943
1740811664625,4.6,"53 km WSW of Cabangahan, Philippines",8.8373,122.5245,10.0
1740801670883,4.4,"61 km SSE of Champerico, Guatemala",13.7743,-91.704,52.434
1740797307590,3.63,"113 km N of Charlotte Amalie, U.S. Virgin Islands",19.3643,-64.8031,11.0
1740796112107,4.3,"82 km SSE of Champerico, Guatemala",13.5652,-91.7543,10.0
1740789594486,4.7,Arctic Ocean,80.7188,-107.4713,10.0
1740779918469,5.5,"231 km W of Tual, Indonesia",-6.0063,130.7006,126.0
1740778026820,3.99,"136 km NNW of Charlotte Amalie, U.S. Virgin Islands",19.5386,-65.2386,92.0
1740777128034,4.2,"99 km S of Champerico, Guatemala",13.3931,-91.99,10.0
1740776429244,4.6,"30 km S of Giporlos, Philippines",10.8527,125.5031,9.519
1740772081549,3.9,"127 km WSW of Nikolski, Alaska",52.3483,-170.474,48.4
1740771569368,5.0,"7 km ENE of Tlaxmalac, Mexico",18.391,-99.3476,70.127
1740771204297,4.8,"26 km SW of Ackerly, Texas",32.37,-101.926,6.8115
1740767829111,4.7,Southwest Indian Ridge,-34.6999,53.9297,10.0
1740759531940,4.3,"169 km NNE of Bitung, Indonesia",2.8228,125.7824,142.036
1740759093379,5.2,"207 km NE of Tiksi, Russia",73.1466,132.7153,10.0
1740751330250,3.88,"101 km NNE of Punta Cana, Dominican Republic",19.4228,-68.0168,89.0
1740748370141,4.5,south of the Fiji Islands,-23.1827,-179.7639,545.328
1740737145725,4.2,"21 km E of Bomdila, India",27.2992,92.6426,44.359
1740728093040,4.17,"91 km NE of Miches, Dominican Republic",19.5066,-68.3751,30.0
1740725693747,4.2,"Rat Islands, Aleutian Islands, Alaska",51.7553,178.6341,92.686
1740723360040,3.59,"90 km ENE of Miches, Dominican Republic",19.3993,-68.31,10.0
1740722946447,4.3,"71 km SSW of Masachapa, Nicaragua",11.2241,-86.837,42.949
1740718967630,4.2,"84 km SSW of Hualien City, Taiwan",23.2339,121.4223,28.225
1740713229189,4.5,"89 km SW of Basco, Philippines",19.8977,121.3371,37.706
1740708027057,4.0,"55 km SE of Adak, Alaska",51.5399,-176.0458,35.0
1740704069403,5.0,"255 km SSW of ‘Ohonua, Tonga",-23.6074,-175.4465,10.0
1740699304290,3.79,"117 km NNE of Punta Cana, Dominican Republic",19.6043,-68.1083,68.0
1740692910442,5.0,"55 km NE of Adak, Alaska",52.2176,-176.043,131.13
1740690370273,5.5,"14 km S of Kodāri̇̄, Nepal",27.8265,85.9676,10.0
1740687116116,4.2,"182 km WSW of Abepura, Indonesia",-3.1823,139.1017,69.851
1740686442970,5.0,south of Africa,-52.4605,26.0563,10.0
1740671941731,4.2,"74 km SW of San Pedro de Atacama, Chile",-23.3252,-68.7737,113.99
1740671579020,5.1,"41 km ENE of Ruteng, Indonesia",-8.4102,120.7829,167.966
1740670242635,4.7,"217 km N of Tobelo, Indonesia",3.6883,127.8918,63.328
1740668077188,5.5,east of the South Sandwich Islands,-58.0325,-10.3798,10.0
1740666944217,4.4,"242 km ENE of Lospalos, Timor Leste",-7.3579,128.8575,150.902
1740666228670,3.58,"71 km N of Charlotte Amalie, U.S. Virgin Islands",18.9783,-65.059,24.0
1740665608450,3.58,"151 km N of Cruz Bay, U.S. Virgin Islands",19.6915,-64.6796,44.0
1740662799271,4.8,Carlsberg Ridge,10.919,57.4682,10.0
1740656876848,4.4,"77 km ENE of Masamba, Indonesia",-2.2974,120.9811,10.0
1740651805016,4.5,"110 km SSW of La Libertad, El Salvador",12.5765,-89.7432,10.0
1740644867775,4.7,"25 km NE of Āwash, Ethiopia",9.1703,40.2964,10.0
1740644398079,4.7,"3 km SSW of Polkowice, Poland",51.4747,16.0623,4.398
1740641895926,4.3,"36 km NW of Kuqa, China",41.9766,82.6595,10.0
1740638710603,4.8,South Sandwich Islands region,-56.182,-27.3413,118.128
1740635894911,5.0,Kermadec Islands region,-31.0444,-177.7329,10.0
1740627418679,4.1,"88 km W of Labuha, Indonesia",-0.5148,126.6863,59.471
1740625442097,4.3,"126 km SW of Abepura, Indonesia",-3.4355,139.8524,67.656
1740619829850,4.5,"129 km SW of Paracas, Peru",-14.5739,-77.2229,10.0
1740619668410,3.62,"92 km NNW of San Antonio, Puerto Rico",19.2858,-67.3625,26.0
1740618709388,4.8,Fiji region,-18.5507,-177.7213,578.419
1740618534836,4.7,"60 km E of Modisi, Indonesia",0.3639,124.9706,10.0
1740616043544,4.7,"42 km N of Hicks Bay, New Zealand",-37.218,178.2324,93.87
1740612684340,3.82,"56 km WNW of Petrolia, CA",40.3503333333333,-124.945166666667,12.05
1740609984368,5.1,southeast of Easter Island,-36.1083,-99.7395,10.0
1740605465098,4.5,"34 km WSW of Waingapu, Indonesia",-9.7605,119.9682,59.115
1740605032310,4.2,"78 km WNW of Vinchina, Argentina",-28.4093,-68.9073,114.274
1740604362412,4.2,"39 km S of Iztapa, Guatemala",13.5821,-90.6745,60.308
1740603337225,5.3,"17 km SSE of Khārupatia, India",26.3886,92.2421,10.0
1740593694263,4.1,"110 km SE of Korsakov, Russia",45.8243,143.6114,321.466
1740593481791,4.5,"30 km W of San Nicolò, Italy",38.6227,15.5041,187.197
1740593263176,4.6,"149 km ESE of Ust’-Kamchatsk Staryy, Russia",55.5563,164.5538,10.0
1740591701784,4.4,"219 km SE of Pondaguitan, Philippines",4.8038,127.4029,103.436
1740591300471,5.0,"132 km WNW of Ternate, Indonesia",1.3294,126.3199,47.588
1740590312650,3.65,"95 km NNE of Punta Cana, Dominican Republic",19.3986,-68.107,75.0
1740586530183,5.8,"157 km ESE of Ust’-Kamchatsk Staryy, Russia",55.4764,164.6101,10.0
1740580411072,4.7,"65 km E of Modisi, Indonesia",0.3486,125.0153,41.92
1740577700859,3.6,"43 km WNW of Nikolski, Alaska",53.0811,-169.4655,94.6
1740575704173,5.1,"55 km ESE of Modisi, Indonesia",0.3245,124.9166,10.0
1740570530528,4.9,"58 km E of Modisi, Indonesia",0.3788,124.9613,10.0
1740568924954,4.8,"60 km NE of Masjed Soleymān, Iran",32.3006,49.7858,10.0
1740566665968,4.3,"73 km SSE of San Pedro de Atacama, Chile",-23.5371,-67.9557,134.641
1740565050664,4.8,"58 km ESE of Modisi, Indonesia",0.3133,124.9433,9.655
1740564777851,4.3,"56 km WNW of San Antonio de los Cobres, Argentina",-24.0117,-66.8293,232.208
1740564114663,4.1,"44 km WSW of Colchani, Bolivia",-20.4559,-67.3222,258.906
1740560666690,4.9,"61 km E of Modisi, Indonesia",0.3752,124.9881,10.0
1740560211504,5.0,"59 km E of Modisi, Indonesia",0.3481,124.9584,10.0
1740556560419,4.9,"54 km E of Modisi, Indonesia",0.3864,124.9175,11.557
1740551650169,4.7,"Chukotskiy Avtonomnyy Okrug, Russia",62.1611,171.0916,10.0
1740549204989,5.8,"38 km ESE of Shingū, Japan",33.596,136.3684,394.464
1740545031170,4.3,"268 km WNW of Houma, Tonga",-20.2477,-177.6846,545.851
1740539420986,4.6,"45 km ESE of Modisi, Indonesia",0.3078,124.8175,10.0
1740536796387,4.2,"5 km ESE of Kundiawa, Papua New Guinea",-6.0392,145.0195,125.421
1740525773441,4.5,"73 km ENE of Miyako, Japan",39.9746,142.6828,35.0
1740525073426,4.9,"42 km ESE of Modisi, Indonesia",0.3058,124.7868,21.947
1740524144164,6.1,"56 km E of Modisi, Indonesia",0.375,124.9411,10.0
1740517833967,4.5,"74 km E of Copiapó, Chile",-27.4851,-69.5852,106.446
1740516075092,4.6,"134 km W of Cartagena, Chile",-33.3352,-73.0275,10.0
1740507230273,5.1,"209 km NW of Tobelo, Indonesia",2.9679,126.5875,55.967
1740505416359,3.5,"15 km E of Ferry, Alaska",64.0191,-148.7902,8.2
1740504015641,4.5,Banda Sea,-6.9536,130.1082,118.916
1740502169400,3.56,"106 km NNE of Punta Cana, Dominican Republic",19.5078,-68.1338,7.0
1740501714472,4.2,"246 km E of Levuka, Fiji",-17.9698,-178.3609,613.814
1740500576240,3.93,"109 km NNE of Punta Cana, Dominican Republic",19.5298,-68.1135,54.0
1740499179531,4.9,"165 km NNE of Bitung, Indonesia",2.8661,125.5788,133.548
1740499147765,4.2,"201 km S of Sand Point, Alaska",53.5473,-160.0265,2.321
1740495256957,4.3,"85 km WNW of San Antonio de los Cobres, Argentina",-24.0133,-67.1309,233.208
1740490774023,5.2,south of the Fiji Islands,-22.3866,-179.6291,577.596
1740490239020,4.8,"239 km S of ‘Ohonua, Tonga",-23.5003,-174.81,10.0
1740484369305,4.2,"1 km ENE of Mošćenica, Croatia",45.4441,16.3788,10.0
1740484282350,3.68,"115 km NNE of Punta Cana, Dominican Republic",19.5938,-68.1263,41.0
1740482018760,3.61,"100 km NNE of Punta Cana, Dominican Republic",19.4573,-68.15,12.0
1740481623607,3.6,"39 km N of Petersville, Alaska",62.8474,-150.8125,97.9
1740479100926,4.6,"12 km WNW of Satipo, Peru",-11.213,-74.7413,10.0
1740473567690,3.77,"47 km NW of Aguadilla, Puerto Rico",18.7265,-67.4751,9.0
1740470134780,3.8,"69 km NNE of Punta Cana, Dominican Republic",19.1858,-68.2343,9.0
1740464568960,3.9,"113 km NNE of Punta Cana, Dominican Republic",19.5601,-68.0743,44.0
1740463911980,3.8,"112 km NNE of Punta Cana, Dominican Republic",19.5591,-68.1163,38.0
1740463648960,3.91,"117 km NNE of Punta Cana, Dominican Republic",19.6045,-68.0923,79.0
1740462535100,5.85,"102 km NNE of Punta Cana, Dominican Republic",19.4565,-68.0846,46.0
1740461848168,5.3,"212 km W of Port McNeill, Canada",50.4559,-130.0816,10.0
1740457512237,4.7,"43 km NE of Ambunti, Papua New Guinea",-3.9198,143.0688,35.0
1740452880418,4.8,"283 km SSW of Pagar Alam, Indonesia",-6.4138,102.3188,10.0
1740448175575,4.7,south of the Kermadec Islands,-32.7588,-178.2075,10.0
1740444020745,5.3,"223 km ESE of Parādīp Garh, India",19.2918,88.4507,10.0
1740433559780,4.3,"48 km NE of Karpathos, Greece",35.8199,27.5907,10.0
1740430992367,4.1,"30 km ENE of San Martín, Argentina",-31.2965,-68.216,109.014
1740429129793,4.6,"108 km SE of Alo, Wallis and Futuna",-14.9879,-177.38,372.16
1740427717924,5.4,"239 km SW of George Town, Cayman Islands",17.5687,-82.7451,10.0
1740424752615,4.6,south of the Fiji Islands,-22.0855,-179.5386,602.909
1740423268366,3.5,"281 km W of Adak, Alaska",51.4811,179.3384,64.421
1740416749532,4.4,"105 km E of Aras-asan, Philippines",8.7912,127.2672,10.0
1740414641896,4.6,"7 km E of Muroran, Japan",42.3256,141.0766,110.026
1740412106711,4.2,"Off the coast of Aisen, Chile",-45.6522,-77.4654,10.0
1740408417999,4.7,south of the Fiji Islands,-23.5319,-179.7657,547.343
1740407039210,3.53,"59 km NE of Miches, Dominican Republic",19.3246,-68.6135,63.0
1740399960966,4.9,"Off the coast of Aisen, Chile",-45.6245,-77.399,10.0
1740396787668,4.4,"28 km SW of Amorgós, Greece",36.6646,25.6514,10.0
1740389002282,4.3,east of the Kuril Islands,46.1337,154.1404,10.0
1740383213859,4.4,"233 km SSW of Tambolaka, Indonesia",-11.3633,118.3836,10.0
1740359690076,5.2,Easter Island region,-29.3423,-111.578,10.0
1740358338276,4.5,"57 km SE of Abomsa, Ethiopia",9.5527,40.2783,10.0
1740357005445,4.9,"242 km SW of George Town, Cayman Islands",17.9406,-83.1922,10.0
1740356110320,3.96,"170 km NNE of Suárez, Puerto Rico",19.934,-65.4856,28.0
1740355925874,4.3,"52 km SE of Debre Sīna, Ethiopia",9.493,40.0816,10.0
1740354290743,5.3,"50 km NW of Āsbe Teferī, Ethiopia",9.4043,40.5336,10.0
1740352053762,4.3,"149 km SSW of San Pedro de Atacama, Chile",-24.0689,-68.9629,110.982
1740351010295,5.2,"126 km W of Panguna, Papua New Guinea",-6.4666,154.3552,10.0
1740348427254,4.4,"39 km W of Hakui, Japan",36.9384,136.3442,10.0
1740342339363,4.3,"76 km W of Monywa, Myanmar",22.0042,94.408,93.211
1740338477215,4.9,"26 km N of Waingapu, Indonesia",-9.417,120.2789,46.509
1740337740040,4.8,"38 km WNW of Hakui, Japan",36.9857,136.3683,10.0
1740337672736,4.7,"40 km SE of Wada, Japan",34.7511,140.2946,86.2
1740334578223,6.0,"80 km SE of Lata, Solomon Islands",-11.2833,166.2672,36.0
1740329347230,3.65,"78 km ENE of Punta Cana, Dominican Republic",18.9606,-67.7735,70.0
1740328835495,4.4,"107 km W of Ie, Japan",26.7557,126.7322,111.303
1740326771193,4.4,"Bonin Islands, Japan region",28.831,142.4761,10.0
1740318867485,4.9,"56 km SW of Wewak, Papua New Guinea",-3.8959,143.2635,10.0
1740313087352,4.7,"42 km WNW of Tamarindo, Costa Rica",10.4972,-86.1727,35.0
1740310914951,4.2,"47 km SSW of Jurm, Afghanistan",36.4862,70.5813,192.329
1740295517226,4.8,"34 km SE of Tena, Ecuador",-1.1864,-77.5659,10.0
1740292583821,4.6,south of the Fiji Islands,-25.3835,179.6188,514.017
1740287782679,5.0,"292 km S of Bengkulu, Indonesia",-6.4394,102.0593,10.0
1740285867577,4.1,"41 km WNW of San Pedro de Atacama, Chile",-22.8213,-68.5963,108.804
1740284833306,5.1,"296 km SSW of Pagar Alam, Indonesia",-6.5403,102.3176,10.0
1740284259759,5.4,"125 km SSE of Panguna, Papua New Guinea",-7.3652,155.9293,68.437
1740283686119,4.6,"63 km SSE of Onagawa Chō, Japan",37.9731,141.8471,62.635
1740275192954,4.9,"127 km S of Panguna, Papua New Guinea",-7.4531,155.6842,118.962
1740274314765,5.6,"127 km WNW of Gizo, Solomon Islands",-7.4843,155.8628,59.307
1740273863921,4.5,"46 km ESE of Lae, Papua New Guinea",-6.9413,147.3507,61.379
1740269882942,4.0,"200 km W of Gorontalo, Indonesia",0.5739,121.2612,85.013
1740267891908,4.7,"172 km S of Pagar Alam, Indonesia",-5.5692,103.0006,10.0
1740264571736,5.3,south of the Fiji Islands,-23.882,-176.0408,10.0
1740262860801,5.3,"118 km NW of Gizo, Solomon Islands",-7.4608,155.9842,45.17
1740262824581,5.4,"Off the coast of Aisen, Chile",-45.6656,-76.7251,10.0
1740258286312,5.1,"115 km S of Akureyri, Iceland",64.6504,-17.93,10.0
1740252718259,4.6,"142 km N of Lae, Papua New Guinea",-5.4408,147.1513,212.002
1740249887461,4.6,south of the Fiji Islands,-23.6921,178.9251,559.616
1740249059809,4.6,"20 km NE of Hernani, Philippines",11.473,125.7327,26.764
1740233776785,4.6,"49 km SE of Lae, Papua New Guinea",-6.9748,147.3698,61.524
1740229655362,4.6,"117 km S of Honchō, Japan",41.082,143.16,41.341
1740229081917,4.4,"56 km N of Bima, Indonesia",-7.9482,118.727,217.486
1740228241616,5.0,"145 km W of Pangai, Tonga",-19.9194,-175.7407,239.263
1740221306981,4.4,"265 km W of Neiafu, Tonga",-18.3922,-176.487,308.693
1740221080079,4.6,"241 km S of Ambon, Indonesia",-5.8546,127.8832,379.241
1740220409966,5.2,"129 km S of Hakha, Myanmar",21.4823,93.708,54.593
1740220285270,3.88,"11 km SSW of Tres Pinos, CA",36.6953333333333,-121.325333333333,4.7
1740209118810,4.5,"100 km ENE of Miyakojima, Japan",25.2002,126.2024,45.939
1740208614424,4.4,"291 km W of Houma, Tonga",-20.7285,-178.0663,508.477
1740201412159,4.3,"50 km NNW of Khandūd, Afghanistan",37.3882,72.1656,204.444
1740186410496,4.4,"16 km NNW of Papayal, Peru",-3.9516,-80.8121,35.371
1740180740529,4.6,"61 km SSW of La Gloria, Mexico",15.6422,-94.3535,73.816
1740178203744,4.5,"41 km SSW of Ashkāsham, Afghanistan",36.3528,71.3192,126.348
1740177403652,4.4,"32 km NW of Tamarindo, Costa Rica",10.4988,-86.0615,36.794
1740173193731,4.8,"23 km NE of Sechelt, Canada",49.6307,-123.5338,10.0
1740170838870,4.4,"104 km NW of Maubara, Timor Leste",-8.035,124.451,191.392
1740164235672,5.0,south of the Fiji Islands,-26.9081,-176.3229,10.0
1740142906591,4.8,"42 km E of Namie, Japan",37.5226,141.4813,52.579
1740141838930,3.73,"68 km N of Tierras Nuevas Poniente, Puerto Rico",19.0793,-66.4563,35.0
1740140858223,4.2,"9 km S of Hınıs, Turkey",39.2709,41.6911,10.0
1740137789450,3.61,"80 km SE of Estacion Coahuila, B.C., MX",31.6243333,-114.4836667,14.98
1740133826355,4.6,central East Pacific Rise,-1.4708,-103.1198,10.0
1740132707799,4.9,"98 km NE of Lobuche, Nepal",28.5633,87.5409,10.0
1740131144900,3.6,"81 km SE of Estacion Coahuila, B.C., MX",31.615,-114.4806667,14.98
1740122456159,5.1,"36 km W of Isangel, Vanuatu",-19.5036,168.9379,43.738
1740121629377,4.8,"Rat Islands, Aleutian Islands, Alaska",51.531,178.1202,56.229
1740116024215,4.7,"47 km SW of Hengchun, Taiwan",21.703,120.4153,10.0
1740113616241,4.3,"135 km E of Madang, Papua New Guinea",-5.3787,146.9991,211.266
1740113497421,4.4,"46 km W of Santa Cruz da Graciosa, Portugal",39.0495,-28.5364,10.0
1740112890685,4.5,"19 km SSE of Kuzumaki, Japan",39.8704,141.4957,72.188
1740110382920,4.1,"119 km ENE of Ozernovskiy, Russia",51.8383,158.1334,116.249
1740109504694,4.3,south of the Fiji Islands,-25.2195,179.8706,515.085
1740106458180,3.77,"85 km ENE of Miches, Dominican Republic",19.3723,-68.3471,47.0
1740100809730,4.5,"35 km NW of Manokwari, Indonesia",-0.6041,133.8709,10.0
1740099399506,4.3,"Volcano Islands, Japan region",24.16,142.4385,141.646
1740098414265,4.1,"92 km SSE of Amahai, Indonesia",-4.1121,129.2477,144.651
1740094634808,4.6,south of the Fiji Islands,-23.2124,178.9793,570.668
1740091173442,4.4,south of the Kermadec Islands,-32.3435,-179.8595,263.08
1740090106518,4.4,"21 km SSE of Mingora, Pakistan",34.5989,72.4423,10.0
1740083980168,4.5,Fiji region,-21.2856,-178.6986,552.906
1740080599020,4.9,Mid-Indian Ridge,-20.3648,68.1706,10.0
1740080500554,4.3,Mid-Indian Ridge,-20.48,68.2954,10.0
1740079018969,4.9,"201 km SW of Lorengau, Papua New Guinea",-3.2414,145.9104,10.0
1740078418122,4.6,"264 km ESE of Tadine, New Caledonia",-22.2449,170.3296,10.0
1740076537428,4.4,Mid-Indian Ridge,-20.3368,68.1342,10.0
1740073962641,4.3,"27 km W of Methóni, Greece",36.7825,21.4,34.739
1740073865810,3.82,"67 km SE of Punta Cana, Dominican Republic",18.2308,-67.8871,119.0
1740072639399,4.6,"57 km NE of Norsup, Vanuatu",-15.6423,167.7046,124.919
1740072290535,4.8,south of the Fiji Islands,-22.4702,179.3124,574.818
1740070094275,3.9,"200 km S of Sand Point, Alaska",53.5535,-160.0824,10.0
1740066172661,4.5,"95 km SW of Severo-Kuril’sk, Russia",49.9841,155.3417,131.969
1740066065412,4.7,"69 km NE of Grande Cache, Canada",54.3779,-118.4885,10.0
1740057226660,4.5,"5 km NE of Oshino, Japan",35.4914,138.907,33.022
1740055157556,5.2,South Sandwich Islands region,-56.7182,-26.4034,94.224
1740052311258,4.9,"173 km WSW of Fakfak, Indonesia",-3.3912,130.8063,52.053
1740051053613,5.4,West Chile Rise,-42.948,-82.6629,10.0
1740047480208,5.6,"59 km N of Hihifo, Tonga",-15.4151,-173.8496,103.467
1740045838890,4.9,"123 km W of Gorontalo, Indonesia",0.3967,121.9649,148.828
1740039410747,4.6,"151 km SE of Isangel, Vanuatu",-20.6608,170.1156,10.0
1740037732650,4.5,"146 km WSW of Fakfak, Indonesia",-3.5232,131.1193,10.0
1740032524408,4.8,"44 km SSE of Camiña, Chile",-19.7037,-69.3127,116.042
1740031379077,4.2,"40 km S of Goālpāra, India",25.8168,90.6971,10.0
1740026209933,5.0,south of the Kermadec Islands,-33.4049,-178.9117,52.813
1740021690695,5.0,Mid-Indian Ridge,-20.4402,68.2771,10.0
1740021581432,5.3,"88 km SW of Banda Aceh, Indonesia",4.9933,94.7501,70.163
1740013010978,4.8,"65 km WNW of Hakui, Japan",37.1404,136.1208,305.552
1740007557220,4.3,"65 km ESE of Ōfunato, Japan",38.8611,142.4166,67.764
1739994170989,4.4,"116 km SW of Pelabuhanratu, Indonesia",-7.6672,105.7407,35.0
1739991463168,4.2,"10 km SW of Coquimbo, Chile",-30.0251,-71.4075,42.84
1739988957666,4.4,"226 km N of Tobelo, Indonesia",3.7705,127.9162,147.624
1739985329427,4.7,"75 km ENE of Kokopo, Papua New Guinea",-4.1356,152.9186,70.0
1739981166091,4.4,"82 km S of Puerto Natales, Chile",-52.4694,-72.3686,10.0
1739974596231,3.6,"25 km WNW of Four Mile Road, Alaska",64.6755,-149.6348,30.1
1739974409260,4.3,"91 km E of Mutsu, Japan",41.3777,142.3024,75.257
1739973010907,4.6,"145 km WSW of Houma, Tonga",-21.876,-176.4864,251.037
1739969646329,4.1,"221 km SSW of Palimbang, Philippines",4.4695,123.1966,528.483
1739961384412,4.2,"7 km ESE of Kagoshima, Japan",31.53,130.6168,138.345
1739961105310,4.3,"286 km ENE of Lospalos, Timor Leste",-7.3199,129.3042,130.758
1739959554217,4.8,"252 km NE of Lospalos, Timor Leste",-6.7325,128.4201,271.954
1739958068995,4.3,"24 km NE of Firá, Greece",36.5665,25.6337,10.0
1739948989968,4.7,"12 km SSE of Ivanof Bay, Alaska",55.8,-159.41,74.6
1739947576395,4.6,"18 km S of Cuya, Chile",-19.3244,-70.1834,55.362
1739943618411,4.4,"96 km WNW of Diego de Almagro, Chile",-26.2162,-70.9922,29.153
1739939885461,5.1,"145 km WSW of Fakfak, Indonesia",-3.3649,131.0643,10.0
1739938395019,4.0,"28 km E of Íos, Greece",36.6837,25.5996,8.693
1739938200080,3.53,"15 km ESE of Naalehu, Hawaii",19.0348333333333,-155.432,36.33
1739933384172,5.6,"290 km NE of Samarai, Papua New Guinea",-9.0615,152.799,10.0
1739923414109,4.3,"240 km NW of Houma, Tonga",-19.4916,-176.7598,345.156
1739923263154,4.3,"144 km WSW of Fakfak, Indonesia",-3.2404,131.0371,10.0
1739921950679,5.7,"147 km WSW of Fakfak, Indonesia",-3.3644,131.042,13.0
1739921673861,4.3,"62 km E of Maumere, Indonesia",-8.7123,122.7692,176.488
1739911241101,4.3,"10 km W of Santa Cruz, Costa Rica",10.2469,-85.6806,32.248
1739908159657,4.2,"82 km W of San Antonio de los Cobres, Argentina",-24.2802,-67.1293,196.298
1739907986109,4.4,"76 km W of Gorontalo, Indonesia",0.5517,122.3749,116.619
1739907368403,4.2,"8 km S of Towada, Japan",40.5481,141.2172,91.295
1739906972909,4.3,"south of Java, Indonesia",-11.9362,112.3134,10.0
1739904713596,4.9,"219 km WSW of Tual, Indonesia",-6.0373,130.8137,119.558
1739902697985,4.1,"285 km WNW of Houma, Tonga",-20.4086,-177.9263,536.712
1739899128125,5.7,"94 km W of Diego de Almagro, Chile",-26.2539,-70.9832,31.0
1739898049043,5.0,"9 km NW of Mariposa, Peru",-11.3467,-74.8175,103.39
1739897672238,4.7,"10 km W of Kyllíni, Greece",37.9274,21.0207,4.28
1739882459927,4.2,"8 km ESE of Rocca di Neto, Italy",39.1654,17.0979,33.301
1739881476365,4.1,"275 km SSW of Sanana, Indonesia",-4.5041,125.4822,442.454
1739880988873,4.7,"52 km SSW of Whites City, New Mexico",31.711,-104.502,3.8953
1739880819855,4.7,"87 km E of Kokopo, Papua New Guinea",-4.3214,153.0526,10.0
1739869727463,4.4,"4 km ESE of Andajes, Peru",-10.8101,-76.8726,92.749
1739864292856,4.9,Balleny Islands region,-62.8861,151.2598,10.0
1739861119931,4.6,"139 km N of Tobelo, Indonesia",2.9703,128.2216,10.0
1739861047172,4.4,"154 km W of Abepura, Indonesia",-2.4597,139.2511,31.685
1739858889430,5.1,"29 km NE of Oía, Greece",36.6389,25.6203,10.0
1739858601962,4.4,"8 km NW of Ashkāsham, Afghanistan",36.73,71.4632,174.58
1739858309320,5.0,"93 km E of ‘Ohonua, Tonga",-21.4177,-174.0633,10.0
1739855001184,4.4,"166 km SE of San Jose Village, Northern Mariana Islands",14.0123,146.8133,10.0
1739854012332,5.1,"30 km S of Amorgós, Greece",36.5641,25.8397,10.0
1739853207041,4.3,"147 km NNE of Ruteng, Indonesia",-7.4141,121.0484,554.543
1739847248564,4.6,"29 km SSW of Amorgós, Greece",36.5703,25.8164,10.0
1739839589844,4.3,"127 km N of Lae, Papua New Guinea",-5.579,147.1528,186.616
1739839355716,4.3,"33 km NNE of Güiria, Venezuela",10.8494,-62.1691,106.765
1739839128740,4.7,"38 km E of Shikotan, Russia",43.8407,147.2003,65.433
1739838446985,4.5,Fiji region,-17.8854,-177.6316,416.782
1739837797573,4.2,"256 km NNE of Lospalos, Timor Leste",-6.3061,127.6736,409.097
1739836651688,4.5,"136 km SSE of Kokopo, Papua New Guinea",-5.554,152.5275,41.764
1739828956566,4.2,"Bonin Islands, Japan region",27.1383,140.2425,444.611
1739827834537,4.0,"44 km NNW of Manta, Ecuador",-0.6112,-80.9073,30.556
1739827706831,4.0,"43 km W of San Jose Village, Northern Mariana Islands",14.9058,145.2219,165.75
1739822186490,4.4,"18 km S of Iztapa, Guatemala",13.7688,-90.7139,81.997
1739822074506,4.5,"203 km SSW of Houma, Tonga",-22.7121,-176.366,64.242
1739819900092,4.6,"223 km ENE of Levuka, Fiji",-17.6144,-178.6326,543.835
1739816751668,3.8,"137 km NW of Barrow, Alaska",72.2007,-159.4391,10.0
1739815408553,4.2,"285 km NNE of Lospalos, Timor Leste",-6.292,128.304,332.262
1739811706381,4.4,"7 km ESE of Angol, Chile",-37.8258,-72.6428,59.911
1739810049098,4.7,"21 km SSE of Putina, Peru",-15.6692,-69.3928,262.315
1739807343802,4.3,"25 km SSW of Amorgós, Greece",36.6121,25.8192,10.0
1739807300623,4.6,"6 km NNE of Villanueva, Colombia",6.7251,-73.1606,161.194
1739806883899,4.3,"23 km WSW of Doğanyol, Turkey",38.2576,38.7755,10.0
1739805131233,4.0,"28 km S of Amorgós, Greece",36.5802,25.8658,10.0
1739801139741,4.3,"19 km NE of Firá, Greece",36.5204,25.6125,10.0
1739798644559,4.8,"1 km NE of Charneca de Caparica, Portugal",38.6301,-9.1842,10.0
1739798327235,4.3,"280 km SE of Kushimoto, Japan",31.8863,138.1063,353.243
1739793957084,4.6,Balleny Islands region,-62.4303,165.5642,10.0
1739791238570,4.1,"23 km NNW of Surab, Pakistan",28.6837,66.1648,10.0
1739788878849,4.2,"11 km NW of Dompu, Indonesia",-8.4692,118.3875,128.095
1739778589992,5.0,"27 km NE of Firá, Greece",36.6009,25.6487,10.0
1739778383557,4.5,"30 km ESE of Íos, Greece",36.6681,25.6107,10.0
1739775631766,4.0,"231 km NNE of Barra Patuca, Honduras",17.5999,-83.1682,10.0
1739772178105,4.7,"3 km E of San Dionisio del Mar, Mexico",16.3253,-94.7287,67.823
1739770070052,4.5,"37 km N of Güiria, Venezuela",10.9061,-62.2361,100.785
1739768632624,4.7,"153 km NE of Tual, Indonesia",-4.5423,133.6199,10.0
1739766655240,5.4,"71 km S of San Juan, Peru",-16.0124,-75.1799,10.0
1739765970817,4.7,"58 km N of Claveria, Philippines",19.1295,120.983,16.931
1739765056936,4.9,"60 km NW of Ie, Japan",27.0206,127.3109,97.549
1739750812501,4.2,"8 km SSE of Nāngloi Jāt, India",28.6073,77.0877,10.0
1739748352607,4.6,"17 km S of Coquimbo, Chile",-30.11,-71.3502,67.588
1739747337740,4.4,"29 km SW of Amorgós, Greece",36.6808,25.6245,10.0
1739742124369,4.2,"125 km ENE of Santa Cruz das Flores, Portugal",39.7571,-29.7152,10.0
1739739656987,4.6,"21 km WSW of Camiña, Chile",-19.3892,-69.6173,117.02
1739739363688,4.6,"25 km ENE of Sibolga, Indonesia",1.8481,98.9792,130.285
1739739358602,4.1,"31 km NE of Firá, Greece",36.5817,25.7209,10.0
1739738998612,4.6,Federated States of Micronesia region,4.0301,143.7198,10.0
1739738847371,4.9,"66 km SW of Champerico, Guatemala",13.8811,-92.3627,10.0
1739732137613,5.1,"51 km N of Shahrak-e Kūlūrī, Iran",32.817,48.4428,10.0
1739731708516,4.5,"43 km N of Shahrak-e Kūlūrī, Iran",32.7455,48.4139,10.0
1739731087328,4.4,Fiji region,-17.0118,-177.0734,403.013
1739720917194,4.6,"214 km ENE of Madang, Papua New Guinea",-4.4965,147.5826,190.844
1739719403525,4.5,"95 km SSE of Kandrian, Papua New Guinea",-6.9724,149.9506,45.508
1739716156979,4.6,"287 km E of Levuka, Fiji",-18.1998,-177.9702,526.467
1739706242513,4.7,"13 km ENE of Llorente, Philippines",11.4417,125.6696,37.964
1739699868288,4.9,"69 km NW of Houma, Tonga",-20.6713,-175.7012,133.052
1739697924692,5.0,"146 km W of Neiafu, Tonga",-18.5391,-175.3701,202.368
1739696306583,4.3,Fiji region,-19.1971,-177.5783,554.829
1739695772734,4.2,south of the Fiji Islands,-22.1151,-179.4747,612.051
1739694983903,5.0,southeast of the Loyalty Islands,-22.5021,170.7951,10.0
1739694182337,4.0,"26 km SSW of Amorgós, Greece",36.6283,25.7354,10.0
1739693494849,4.5,"89 km SSW of Puerto El Triunfo, El Salvador",12.5838,-88.9633,34.646
1739692354176,4.3,"248 km WNW of Houma, Tonga",-20.3315,-177.5168,388.841
1739691816110,5.2,east of the Kuril Islands,45.3219,153.0508,10.0
1739690863065,4.7,"128 km E of Bitung, Indonesia",1.4436,126.2857,66.044
1739689722098,5.0,"79 km WNW of Carahue, Chile",-38.568,-74.0508,10.0
1739688957450,4.08,"39 km ESE of Boca de Yuma, Dominican Republic",18.2065,-68.2778,152.0
1739683724269,4.1,"51 km ENE of Shikotan, Russia",43.9047,147.3511,68.804
1739682128279,4.0,"139 km E of Atka, Alaska",52.0773,-172.1785,57.571
1739681481648,3.5,"12 km NW of Port Clarence, Alaska",65.3444,-167.0433,10.0
1739677057071,4.5,"273 km E of Levuka, Fiji",-18.0531,-178.1008,620.852
1739676538214,4.8,"134 km NNE of Lobuche, Nepal",28.9831,87.5245,10.0
1739674422852,4.4,"210 km NNE of Tobelo, Indonesia",3.3766,128.9629,10.0
1739674338036,4.2,"40 km S of Diomede, Alaska",65.4012,-169.0923,9.6
1739670925242,4.3,"145 km NNE of Labuan Bajo, Indonesia",-7.2584,120.3216,521.717
1739667880158,4.8,south of the Fiji Islands,-22.6746,-177.8601,316.016
1739664987629,4.3,"70 km NNE of Kuril’sk, Russia",45.8224,148.1829,189.571
1739664819144,4.7,"106 km SSW of Puerto San José, Guatemala",13.028,-91.1641,10.0
1739661888088,4.7,"20 km ESE of Yedisu, Turkey",39.3598,40.7541,10.0
1739660465768,4.3,"59 km E of Gorontalo, Indonesia",0.5843,123.5971,260.883
1739641699456,4.7,"21 km S of Rawalpindi, Pakistan",33.4051,73.0929,49.342
1739640834075,4.3,north of Svalbard,85.8506,22.8172,10.0
1739638548005,4.6,Chagos Archipelago region,-6.7973,68.1737,10.0
1739635910622,4.9,"12 km NW of Karyes, Greece",40.3363,24.1347,14.437
1739634361491,4.6,Kuril Islands,46.2545,151.8789,69.549
1739632739610,3.75,"51 km WNW of Petrolia, CA",40.3751666666667,-124.887,12.58
1739629812190,3.73,"11 km WNW of Malibu, CA",34.0488333,-118.9136667,14.19
1739625223538,4.2,"119 km W of San Antonio de los Cobres, Argentina",-24.2255,-67.492,224.942
1739620565639,4.9,"32 km W of Madang, Papua New Guinea",-5.1747,145.5005,107.17
1739619837273,4.1,"123 km S of Honchō, Japan",41.0215,143.0037,32.273
1739619252335,4.9,"113 km S of Honchō, Japan",41.1036,142.8837,47.403
1739618642959,4.2,"Izu Islands, Japan region",30.3749,142.0488,10.0
1739617995918,4.1,"51 km SSW of Jiquilillo, Nicaragua",12.3483,-87.7001,60.611
1739615496256,4.8,"29 km NNW of Labuan Bajo, Indonesia",-8.2557,119.7624,178.496
1739610221888,4.2,"86 km E of Minami-Sōma, Japan",37.7541,141.9471,61.91
1739607103867,4.5,"38 km SE of Pototano, Indonesia",-8.6062,117.7671,190.182
1739605700235,4.3,"1 km SSE of Hiranai, Japan",40.9099,140.9607,101.848
1739605445170,3.7,"10 km WNW of Malibu, CA",34.0415,-118.91,15.43
1739597128896,3.8,"54 km NW of Toyah, Texas",31.672,-104.19,6.0999
1739597001429,5.0,"53 km NW of Toyah, Texas",31.661,-104.18,6.0999
1739591175040,4.3,"69 km W of Tobelo, Indonesia",1.7598,127.3821,123.614
1739590661794,4.2,"24 km NE of Firá, Greece",36.5893,25.609,10.0
1739586845094,4.5,Mariana Islands region,16.4325,148.4375,10.0
1739584090882,5.7,"27 km W of Kosh-Agach, Russia",50.0189,88.293,13.0
1739582328756,5.3,"30 km ENE of Llorente, Philippines",11.5623,125.7848,10.0
1739579341303,5.0,"32 km WSW of Mabiton, Philippines",12.7575,122.97,32.18
1739568603350,5.0,"131 km SSE of Lata, Solomon Islands",-11.8426,166.214,38.564
1739566577985,4.6,"196 km N of Tobelo, Indonesia",3.5028,127.8798,128.577
1739565027957,4.2,"187 km NE of Lospalos, Timor Leste",-7.4533,128.3167,175.485
1739564903325,6.0,"8 km NNE of Metahāra, Ethiopia",8.9674,39.9539,10.0
1739564336415,4.3,"30 km NE of Firá, Greece",36.5904,25.7022,17.369
1739560668440,3.51,"82 km N of Tierras Nuevas Poniente, Puerto Rico",19.2045,-66.4561,7.0
1739559193912,4.9,"96 km WNW of Port-Vila, Vanuatu",-17.2932,167.527,13.75
1739552879112,4.5,"8 km WNW of Whanganui, New Zealand",-39.8901,174.9615,73.85
1739548734712,4.8,"Izu Islands, Japan region",30.9806,142.3395,10.0
1739548595322,4.3,South Shetland Islands,-61.3705,-55.0339,10.0
1739546971194,3.8,"232 km SSE of King Cove, Alaska",53.0736,-161.2448,10.0
1739546815656,4.8,"43 km SW of Montecillos, Mexico",16.1209,-98.7884,10.0
1739545457600,3.75,"18 km ESE of Naalehu, Hawaii",18.9886666666667,-155.421666666667,34.91
1739545058471,4.2,"21 km NE of Firá, Greece",36.5558,25.6101,10.0
1739544265125,4.6,"69 km WNW of Tobelo, Indonesia",1.9145,127.4151,122.316
1739543892214,4.4,"72 km NNE of Labuan Lombok, Indonesia",-7.9185,116.9686,279.628
1739542876016,4.9,off the coast of Ecuador,0.92,-85.4487,10.0
1739542695939,4.5,"13 km E of Hernani, Philippines",11.3456,125.7426,10.0
1739539365226,4.5,"14 km NE of Hernani, Philippines",11.432,125.6948,10.0
1739537404033,5.3,"37 km NE of Llorente, Philippines",11.6079,125.829,10.0
1739536425380,3.61,"92 km N of Cruz Bay, U.S. Virgin Islands",19.1635,-64.7141,28.0
1739536113993,5.1,"109 km SSW of Labuan, Indonesia",-7.3394,105.6007,56.324
1739529489391,4.6,"111 km E of Angoram, Papua New Guinea",-3.9475,145.0597,10.0
1739526393012,5.1,South Sandwich Islands region,-58.9359,-22.9486,10.0
1739525261611,4.8,"29 km NNE of Goroka, Papua New Guinea",-5.8459,145.5144,108.023
1739524789574,4.8,"201 km WSW of Lorengau, Papua New Guinea",-2.6588,145.5679,10.0
1739520598119,4.8,"51 km SW of Angoram, Papua New Guinea",-4.3774,143.7281,116.38
1739517983684,4.7,"211 km NNE of Barra Patuca, Honduras",17.4536,-83.2889,10.0
1739515190419,5.2,off the coast of Ecuador,1.1194,-85.2951,10.0
1739512758270,3.68,"16 km SSE of Victoria, Canada",48.291333333333334,-123.27933333333333,40.22
1739505863990,4.4,south of the Fiji Islands,-24.5901,-179.9864,520.009
1739498562533,4.0,"18 km W of Ashkāsham, Afghanistan",36.7081,71.3264,176.696
1739497561689,4.5,"177 km W of Longyearbyen, Svalbard and Jan Mayen",78.4705,7.8514,10.0
1739496774652,4.9,"259 km E of Kuril’sk, Russia",45.4459,151.1704,35.0
1739492578099,5.0,Banda Sea,-6.9839,129.5924,156.262
1739492292083,4.5,"229 km SW of Burica, Panama",6.6447,-84.4152,10.0
1739492224540,4.25,"10 km NNW of Avenal, CA",36.0826666666667,-120.183833333333,11.92
1739491167476,5.8,"154 km SSW of Akhiok, Alaska",55.6162,-154.9119,9.1
1739483956660,3.57,"2 km E of Hayward, CA",37.6471666666667,-122.052166666667,5.81
1739482195485,4.5,Fiji region,-20.7723,-178.4451,576.64
1739481655491,4.8,South Sandwich Islands region,-58.7595,-25.4745,57.816
1739480852997,4.8,"198 km WSW of Bandar Lampung, Indonesia",-6.2183,103.6477,43.273
1739480835540,3.73,"51 km NNE of Cruz Bay, U.S. Virgin Islands",18.7545,-64.6005,33.0
1739479496504,4.3,"8 km N of Cașoca, Romania",45.5671,26.2846,126.005
1739470581863,5.0,Banda Sea,-6.4775,129.1134,10.0
1739470337166,3.6,"230 km WSW of Adak, Alaska",51.3081,-179.8385,18.085
1739469371732,4.2,"217 km WSW of Tual, Indonesia",-6.4574,130.9666,74.203
1739468674559,4.6,"75 km SE of Kupang, Indonesia",-10.7291,124.0012,10.0
1739464461648,4.4,"29 km E of Hihifo, Tonga",-15.9776,-173.522,92.989
1739461341492,4.7,"17 km NE of Oía, Greece",36.5777,25.5149,10.0
1739461207650,4.4,"17 km NNE of Firá, Greece",36.5561,25.5398,10.0
1739461175512,3.7,"140 km ESE of Petropavlovsk-Kamchatsky, Russia",52.7047,160.6262,63.036
1739459291099,4.8,"290 km WSW of Tual, Indonesia",-6.5299,130.2826,150.154
1739459047539,4.6,"18 km NNE of Atiquipa, Peru",-15.654,-74.2785,58.926
1739449118546,4.9,"124 km SSW of Isangel, Vanuatu",-20.5962,168.8718,10.0
1739445370134,4.7,"57 km SW of Kilembe, Uganda",-0.2201,29.7119,10.0
1739443618495,4.9,"76 km NW of Taltal, Chile",-24.8874,-70.9863,13.846
1739435421483,3.9,"67 km NW of La Ligua, Chile",-32.1052,-71.8252,29.805
1739432036124,4.5,"106 km SSE of Hihifo, Tonga",-16.8794,-173.5209,48.696
1739430690608,4.7,"75 km SW of Vallenar, Chile",-28.9908,-71.3769,37.903
1739429525170,3.55,"81 km N of Arecibo, Puerto Rico",19.197,-66.5841,30.0
1739428032620,4.6,"18 km WSW of Dompu, Indonesia",-8.573,118.3,135.939
1739401411388,4.3,"27 km NE of Firá, Greece",36.595,25.6504,9.847
1739401358570,4.3,"29 km SW of Amorgós, Greece",36.6469,25.662,10.0
1739398236328,4.8,"218 km NNE of Barra Patuca, Honduras",17.5228,-83.2766,10.0
1739394270762,5.0,"59 km E of Onagawa Chō, Japan",38.4055,142.1317,56.163
1739390049197,5.3,South Sandwich Islands region,-56.3332,-27.1926,105.634
1739385264293,4.6,"16 km NE of Oía, Greece",36.5507,25.5226,10.0
1739382206260,4.2,"66 km W of San Antonio de los Cobres, Argentina",-24.1874,-66.9688,191.155
1739381209653,4.8,"144 km W of Santa Genoveva de Docordó, Colombia",4.2294,-78.6675,10.0
1739378665568,4.3,"29 km NE of Firá, Greece",36.6216,25.6457,10.0
1739375994973,4.2,"115 km SE of Kuril’sk, Russia",44.4615,148.8704,27.838
1739371059245,4.8,"13 km WSW of Kamaishi, Japan",39.2126,141.7343,80.711
1739364185407,4.6,south of the Fiji Islands,-26.3007,178.5786,631.593
1739361413862,4.6,West Chile Rise,-38.6414,-91.6177,10.0
1739358684773,4.2,"28 km N of Baghlān, Afghanistan",36.3869,68.6634,10.0
1739357394025,3.8,"47 km E of Sand Point, Alaska",55.3367,-159.7494,35.0
1739355237824,4.7,"21 km WSW of Lahat, Indonesia",-3.8425,103.3534,132.586
1739354847063,4.3,"72 km NW of Ishigaki, Japan",24.8409,123.6838,85.157
1739354530968,4.3,"18 km ENE of Mesariá, Greece",36.4815,25.6325,10.0
1739353342091,4.4,"7 km SW of Metahāra, Ethiopia",8.8458,39.8752,10.0
1739352138859,4.5,"21 km ENE of Mesariá, Greece",36.4465,25.6748,10.0
1739352041712,4.7,"12 km E of Mesariá, Greece",36.4127,25.5886,10.0
1739351770617,4.4,"30 km SW of Amorgós, Greece",36.6547,25.6333,10.0
1739351706702,4.8,"20 km NE of Oía, Greece",36.5864,25.5445,10.0
1739351538116,4.0,"20 km NE of Mesariá, Greece",36.5069,25.6374,10.0
1739350935173,4.3,"12 km ENE of Mesariá, Greece",36.4423,25.5717,10.0
1739350844637,4.3,"147 km WSW of Mandalgovi, Mongolia",45.3694,104.464,10.0
1739350724905,4.3,"12 km NE of Firá, Greece",36.5021,25.5284,10.0
1739350560433,4.2,"13 km NNE of Firá, Greece",36.5261,25.5091,10.0
1739348991305,5.0,"21 km NE of Oía, Greece",36.5888,25.5632,10.0
1739343215954,4.9,"78 km W of Tobelo, Indonesia",1.7275,127.3024,39.05
1739334760380,4.46,"69 km WNW of Petrolia, CA",40.372,-125.0955,10.0
1739334062971,4.4,"26 km NE of Firá, Greece",36.5633,25.6666,10.0
1739330059856,4.8,"249 km E of Levuka, Fiji",-17.8694,-178.3372,612.523
1739329826649,4.5,"247 km E of Levuka, Fiji",-17.9106,-178.3485,588.757
1739326991063,4.3,"22 km ENE of Mesariá, Greece",36.4898,25.672,10.0
1739326460402,4.5,"23 km NE of Firá, Greece",36.5537,25.6297,10.0
1739326016427,4.1,"17 km ENE of Mesariá, Greece",36.4722,25.6224,10.0
1739324107731,4.3,"19 km ENE of Mesariá, Greece",36.4973,25.6316,10.0
1739323585719,4.7,"Izu Islands, Japan region",30.0089,138.9703,399.052
1739322894177,5.1,"18 km NE of Firá, Greece",36.5596,25.5495,10.0
1739322760921,4.2,"28 km SW of Amorgós, Greece",36.6382,25.6917,10.0
1739321927686,4.0,"82 km NNE of Alianza Cristiana, Peru",-2.7726,-76.1754,10.0
1739321856616,4.4,Mid-Indian Ridge,-12.205,65.6571,10.0
1739317387929,4.4,"96 km NE of Santa Monica, Philippines",10.5668,126.7216,10.0
1739315896829,4.5,"5 km SSE of Claveria, Philippines",18.569,121.1101,48.352
1739308495666,4.0,"33 km SSE of Emporeío, Greece",36.0704,25.5597,10.0
1739307206000,4.2,"20 km WSW of Amorgós, Greece",36.7764,25.6787,10.0
1739306468537,4.4,"1 km NW of Koga, Japan",36.1896,139.7071,66.413
1739299387331,4.3,"49 km W of Mazo Cruz, Peru",-16.6948,-70.1806,10.0
1739295781268,4.6,"7 km NNE of Starigrad, Croatia",44.3598,15.4605,10.0
1739295619123,4.5,"24 km SSW of Amorgós, Greece",36.6338,25.765,10.0
1739295363940,3.9,"130 km W of Nikolski, Alaska",52.7444,-170.7739,73.0
1739293827007,4.4,Xizang-Qinghai border region,34.1527,89.2703,10.0
1739289960292,4.4,"58 km SW of Banda Aceh, Indonesia",5.1601,94.9709,91.245
1739286658624,4.4,"27 km ENE of Mesariá, Greece",36.5178,25.7203,10.0
1739283590013,4.6,"22 km SW of Amorgós, Greece",36.6914,25.7211,10.0
1739277252403,4.4,"22 km NE of Oía, Greece",36.619,25.5275,10.0
1739274234857,4.9,"29 km SSW of Amorgós, Greece",36.5894,25.7721,10.0
1739273424117,4.3,"29 km ENE of Mesariá, Greece",36.5183,25.741,10.0
1739263873410,4.0,"24 km SSW of Amorgós, Greece",36.6192,25.8185,10.0
1739262416861,4.5,"90 km N of Isangel, Vanuatu",-18.7396,169.4232,35.0
1739262115966,4.4,"144 km S of Bengkulu, Indonesia",-5.0942,102.4222,42.233
1739261596240,4.1,"26 km W of Petrolia, CA",40.2815,-124.583833333333,19.77
1739261485603,4.0,"23 km WSW of Amorgós, Greece",36.7739,25.6428,10.0
1739260666120,4.7,"187 km NE of Tual, Indonesia",-4.5516,134.0555,10.0
1739258238295,4.7,"21 km WSW of Amorgós, Greece",36.7266,25.6978,10.0
1739256616539,4.3,"23 km SW of Amorgós, Greece",36.6602,25.736,10.0
1739255997329,4.9,"18 km SW of Amorgós, Greece",36.7071,25.7677,10.0
1739254075272,4.2,"23 km SSW of Amorgós, Greece",36.634,25.8096,10.0
1739253629309,4.5,"16 km SW of Amorgós, Greece",36.7365,25.7623,10.0
1739253524528,4.7,"19 km SSW of Amorgós, Greece",36.6691,25.809,10.0
1739252996697,4.1,"35 km S of Amorgós, Greece",36.5151,25.853,10.0
1739252877441,5.0,"163 km SSW of ‘Ohonua, Tonga",-22.69,-175.5971,10.0
1739252626654,4.2,"33 km SSW of Amorgós, Greece",36.5406,25.7885,10.0
1739252170899,4.2,"15 km NE of Firá, Greece",36.5135,25.5561,10.0
1739251956895,5.0,"150 km W of Rabaul, Papua New Guinea",-3.9469,150.8287,10.0
1739250870769,4.5,"29 km SSW of Amorgós, Greece",36.6032,25.7274,10.0
1739250027072,5.4,Mid-Indian Ridge,-32.1691,75.0228,10.0
1739245652009,4.0,"26 km SW of Amorgós, Greece",36.6636,25.684,10.0
1739242008807,4.0,"24 km SW of Amorgós, Greece",36.7038,25.6781,10.0
1739241465227,5.1,"123 km S of Kavieng, Papua New Guinea",-3.6874,150.8793,10.0
1739240644491,5.2,"140 km WNW of Lebu, Chile",-37.1969,-75.16,10.0
1739239226689,4.6,"60 km SE of Calana, Peru",-18.2841,-69.7433,114.512
1739237123977,4.6,"60 km SE of Akkeshi, Japan",42.6871,145.4266,35.46
1739236191606,4.5,"136 km SSE of King Cove, Alaska",53.9173,-161.5543,19.034
1739232635993,4.5,"74 km W of San Antonio de los Cobres, Argentina",-24.1923,-67.054,210.846
1739230910500,4.3,"27 km E of Íos, Greece",36.6989,25.5849,10.0
1739227864410,4.2,"27 km NE of Oía, Greece",36.635,25.5933,10.0
1739227718601,5.1,"27 km WSW of Chefchaouen, Morocco",35.0845,-5.5499,10.0
1739227626042,4.7,"112 km W of El Aguilar, Argentina",-23.0803,-66.7655,204.616
1739227470174,4.0,"28 km ENE of Firá, Greece",36.5571,25.6981,10.0
1739227444982,4.0,"26 km E of Íos, Greece",36.6897,25.5741,10.0
1739227044616,5.1,"24 km NE of Oía, Greece",36.617,25.5675,10.0
1739226697250,4.3,"225 km NNE of Barra Patuca, Honduras",17.5339,-83.1676,10.0
1739223455784,4.1,"18 km SSW of Amorgós, Greece",36.6744,25.8269,10.0
1739221604953,4.3,"258 km SSE of Haymā’, Oman",17.9924,57.5954,10.0
1739221182415,4.4,"Kermadec Islands, New Zealand",-30.7981,-178.5776,129.006
1739218588738,5.3,"26 km SW of Amorgós, Greece",36.6898,25.6536,10.0
1739215955599,4.0,"26 km NE of Firá, Greece",36.567,25.667,10.0
1739211953765,4.3,"211 km SE of Pondaguitan, Philippines",4.9771,127.4953,112.895
1739209495700,3.59,"5 km NNE of San Bernardino, CA",34.1686667,-117.264,7.75
1739207176270,4.1,"36 km NE of Calama, Chile",-22.2461,-68.6557,115.479
1739204193944,4.0,"26 km ENE of Jurm, Afghanistan",36.9152,71.1213,134.161
1739202317514,4.4,"38 km ESE of Leh, India",34.0791,77.9906,10.0
1739201146080,4.1,"131 km WNW of Ambon, Indonesia",-3.4031,127.0382,39.626
1739200506035,5.1,"49 km ESE of Tambolaka, Indonesia",-9.6398,119.6374,83.827
1739200218801,4.6,"263 km NW of Sabang, Indonesia",7.6125,93.6721,79.051
1739198874543,4.3,"42 km NW of Vallenar, Chile",-28.3208,-71.0878,57.258
1739197407674,4.1,"30 km NE of Oía, Greece",36.6571,25.6125,10.0
1739197015591,5.0,"38 km ENE of Ōma, Japan",41.6839,141.3258,90.179
1739196234523,4.6,"32 km SSW of Kupang, Indonesia",-10.4157,123.4465,10.0
1739196015526,4.5,"43 km SW of Kandrian, Papua New Guinea",-6.4862,149.2658,46.042
1739194318975,4.1,"24 km SW of Amorgós, Greece",36.6511,25.7362,10.0
1739193274239,4.3,"29 km SW of Amorgós, Greece",36.6195,25.7057,10.0
1739191030535,4.3,"41 km NW of La Ligua, Chile",-32.1709,-71.5271,59.538
1739190148962,4.4,"54 km WNW of Port-Vila, Vanuatu",-17.5302,167.845,35.0
1739187835229,4.3,"23 km NE of Firá, Greece",36.5754,25.6104,10.0
1739187607509,4.5,"39 km NE of Yigo Village, Guam",13.7694,145.1599,116.148
1739186722257,4.3,"154 km NNW of Maumere, Indonesia",-7.2582,121.8838,497.795
1739186598086,4.8,"17 km WSW of Amorgós, Greece",36.7775,25.7162,10.0
1739186247313,4.9,"106 km SSW of Panguna, Papua New Guinea",-7.2062,155.1127,10.0
1739183252636,4.1,"22 km NE of Firá, Greece",36.5693,25.598,10.0
1739182726663,5.0,"52 km NW of Port-Vila, Vanuatu",-17.4654,167.9051,10.0
1739179843181,4.5,"202 km WNW of Copiapó, Chile",-27.0087,-72.3317,10.0
1739175625870,4.4,"18 km NE of Oía, Greece",36.5846,25.5114,10.0
1739175080251,4.5,"8 km S of Iztapa, Guatemala",13.8576,-90.7216,97.885
1739166828398,4.3,"90 km WNW of Mohr, Iran",28.0022,52.1202,10.0
1739166518400,4.7,"76 km WNW of Port-Vila, Vanuatu",-17.3933,167.6849,10.0
1739159499953,4.5,Fiji region,-21.5598,-179.3594,602.28
1739149200958,4.0,"28 km NE of Firá, Greece",36.6094,25.6436,10.0
1739148236650,3.76,"134 km NNE of Vieques, Puerto Rico",19.5555,-65.3748,84.0
1739147555149,4.9,"64 km WNW of Port-Vila, Vanuatu",-17.4939,167.7619,10.0
1739147301145,5.4,"89 km SSE of Panguna, Papua New Guinea",-7.0949,155.7065,10.0
1739146563322,5.3,"70 km WNW of Port-Vila, Vanuatu",-17.4323,167.731,10.0
1739146424708,5.3,"57 km WNW of Port-Vila, Vanuatu",-17.5144,167.8236,10.0
1739146182753,5.9,"53 km WNW of Port-Vila, Vanuatu",-17.5011,167.8758,18.0
1739145370612,4.1,"16 km NNE of Potosí, Nicaragua",11.6399,-85.8216,10.529
1739144778164,4.2,"211 km NNE of Barra Patuca, Honduras",17.5469,-83.4896,10.0
1739138778040,4.0,"81 km ESE of Petropavlovsk-Kamchatsky, Russia",52.8576,159.7866,51.633
1739138495723,4.3,"29 km NE of Baa, Indonesia",-10.535,123.2371,10.0
1739134515531,4.3,"116 km SW of Kýthira, Greece",35.3102,22.2139,46.934
1739133341847,4.3,"26 km ESE of Íos, Greece",36.6475,25.5604,10.0
1739129499888,4.4,"16 km NE of Firá, Greece",36.5253,25.5595,10.0
1739129112646,4.3,"28 km NE of Firá, Greece",36.6284,25.6257,10.0
1739128635287,4.7,"9 km NE of Firá, Greece",36.4741,25.5152,10.0
1739128602880,4.6,"10 km NNE of Firá, Greece",36.5049,25.4898,10.0
1739128135324,4.3,"25 km E of Íos, Greece",36.6915,25.5693,10.0
1739127938291,5.2,"30 km SW of Amorgós, Greece",36.6626,25.6271,10.0
1739127237140,4.7,"6 km E of Mesariá, Greece",36.3994,25.5156,10.0
1739127210810,4.3,"25 km NE of Firá, Greece",36.5844,25.6274,10.0
1739126501864,4.3,"19 km NE of Firá, Greece",36.5307,25.6079,10.0
1739122745449,4.0,"16 km N of Yujing, Taiwan",23.2708,120.4827,15.658
1739120172163,4.1,"Kermadec Islands, New Zealand",-30.2572,-178.9125,252.405
1739119136202,4.1,"42 km SSE of Jurm, Afghanistan",36.5022,70.9924,207.188
1739119085271,4.7,western Indian-Antarctic Ridge,-49.2345,123.3132,10.0
1739119002763,4.3,western Indian-Antarctic Ridge,-49.1142,123.6752,10.0
1739116528045,4.1,"24 km NE of Oía, Greece",36.6314,25.5519,10.0
1739114614383,4.3,"47 km ENE of Lobuche, Nepal",28.0553,87.2743,10.0
1739114190091,4.5,"23 km ENE of Firá, Greece",36.5367,25.6531,10.0
1739112162100,4.1,"5 km N of Toba, Japan",34.536,136.8499,333.883
1739111557746,5.3,"101 km WNW of Kirakira, Solomon Islands",-10.1576,161.0432,38.742
1739106572663,3.8,"Rat Islands, Aleutian Islands, Alaska",52.0238,177.9429,129.179
1739104352188,4.2,"20 km NE of Oía, Greece",36.5749,25.5557,10.0
1739102384242,4.4,"30 km ENE of Firá, Greece",36.5755,25.7166,10.0
1739102081416,4.3,"25 km ENE of Firá, Greece",36.5413,25.6701,10.0
1739100910858,4.7,"163 km NNW of Masohi, Indonesia",-1.9406,128.3955,48.34
1739100419678,4.0,"65 km ENE of Lobuche, Nepal",28.0714,87.4589,10.0
1739095123243,4.6,"56 km E of Luganville, Vanuatu",-15.5625,167.6902,122.128
1739092448247,4.8,"242 km NE of Barra Patuca, Honduras",17.5465,-82.9177,10.0
1739091723636,4.2,"22 km NE of Firá, Greece",36.5403,25.6375,10.0
1739090167536,4.4,northwest of the Kuril Islands,48.6037,150.8869,271.529
1739089937806,4.8,"Izu Islands, Japan region",30.4506,142.1369,10.0
1739089289176,4.6,"233 km SW of George Town, Cayman Islands",17.6485,-82.7748,10.0
1739088391410,4.2,"30 km ENE of Firá, Greece",36.5694,25.7208,10.0
1739086621819,4.3,"110 km E of Saga, China",29.1595,86.349,10.0
1739084149791,4.2,"28 km W of Nemuro, Japan",43.3545,145.23,94.852
1739081472171,4.2,Reykjanes Ridge,57.3507,-33.0168,10.0
1739077319076,4.2,"24 km NE of Firá, Greece",36.5913,25.6028,10.0
1739076451887,4.2,"28 km ENE of Firá, Greece",36.5476,25.7028,10.0
1739072339055,4.6,south of the Fiji Islands,-23.8197,-179.7415,521.696
1739069750122,4.0,"14 km ENE of Mesariá, Greece",36.4657,25.5873,10.0
1739069510320,4.1,"20 km ENE of Mesariá, Greece",36.4924,25.6485,10.0
1739069447921,4.2,"22 km ENE of Mesariá, Greece",36.489,25.6685,10.0
1739067426751,4.6,"41 km WSW of Atico, Peru",-16.2998,-73.9945,35.0
1739064915864,4.5,"5 km NE of Firá, Greece",36.4503,25.4819,10.0
1739061165806,4.0,"114 km SE of Alo, Wallis and Futuna",-15.1157,-177.4471,398.31
1739060586473,4.2,"234 km SW of George Town, Cayman Islands",17.6912,-82.8334,10.0
1739060540970,4.0,"176 km NNE of Barra Patuca, Honduras",17.3178,-83.7745,10.0
1739060193445,4.3,"175 km SSW of George Town, Cayman Islands",17.8349,-82.0442,10.0
1739059792612,3.9,"89 km SSE of Nikolski, Alaska",52.2024,-168.3294,10.0
1739058666580,4.8,"232 km NNE of Barra Patuca, Honduras",17.5709,-83.1161,10.0
1739056994286,7.6,"207 km SSW of George Town, Cayman Islands",17.6912,-82.4149,10.0
1739055898433,4.4,South Sandwich Islands region,-58.4619,-25.7141,81.086
1739048795767,4.3,"1 km NW of Traiguén, Chile",-38.2394,-72.6817,57.596
1739046713006,4.2,northwest of the Kuril Islands,48.6486,148.6491,421.804
1739040527771,4.3,"83 km NE of Quorn, Australia",-31.8777,138.7332,13.983
1739037521497,4.4,"67 km ESE of Atka, Alaska",52.081,-173.2271,91.536
1739036655746,4.6,east of the Kuril Islands,45.8851,154.2764,10.0
1739034913803,4.4,"24 km NE of Firá, Greece",36.5732,25.6311,10.0
1739034749591,4.0,"233 km S of Ambon, Indonesia",-5.7789,127.8345,408.556
1739033506954,4.1,"31 km SW of Amorgós, Greece",36.599,25.702,10.0
1739032198782,4.3,"27 km WSW of Amorgós, Greece",36.7256,25.6167,10.0
1739030630513,4.5,"250 km S of ‘Ohonua, Tonga",-23.6031,-174.9926,10.0
1739028642461,4.6,"175 km SE of Sarangani, Philippines",4.3955,126.6833,53.364
1739027864579,4.2,Owen Fracture Zone region,13.6494,57.0364,10.0
1739027011329,4.4,south of the Fiji Islands,-23.5904,-179.7899,547.666
1739021952030,4.2,Carlsberg Ridge,4.0474,62.5444,10.0
1739016976855,4.4,"112 km N of Hihifo, Tonga",-14.9542,-173.5933,10.0
1739016438304,4.1,"112 km W of Abepura, Indonesia",-2.7473,139.6328,43.229
1739016018163,4.4,"147 km SSE of Pondaguitan, Philippines",5.2165,126.8555,97.19
1739014435941,4.3,"66 km NW of Sola, Vanuatu",-13.4902,167.0817,173.494
1739012545783,4.0,"137 km ENE of Ust-Nera, Russia",65.254,145.6585,10.0
1739011807351,4.2,"253 km E of Levuka, Fiji",-18.1125,-178.2885,528.687
1739011423113,5.0,"146 km ENE of Ust-Nera, Russia",65.2162,145.9204,10.0
1739009136723,4.4,south of the Fiji Islands,-23.9657,-179.8861,520.898
1739008072484,4.4,"48 km NNE of Finschhafen, Papua New Guinea",-6.1346,147.9444,57.876
1739007581762,4.4,"166 km E of Saipan, Northern Mariana Islands",14.9711,147.2806,10.0
1739006653530,5.2,"55 km E of Lakatoro, Vanuatu",-16.1233,167.9358,169.968
1739006643220,4.6,"13 km NE of Firá, Greece",36.5093,25.534,10.0
1739006148633,4.2,"14 km E of Mesariá, Greece",36.3797,25.6053,10.0
1739005806299,4.5,"23 km NE of Oía, Greece",36.5971,25.572,10.0
1739005638425,4.0,"26 km NE of Oía, Greece",36.6223,25.594,10.0
1739005240873,4.9,"21 km NE of Firá, Greece",36.5738,25.5862,10.0
1739004974719,4.3,"15 km NE of Firá, Greece",36.5351,25.5283,10.0
1739004557744,4.2,"77 km SSW of Uyuni, Bolivia",-21.0843,-67.1527,202.826
1739003763940,4.8,"23 km NE of Firá, Greece",36.5766,25.606,10.0
1739003732299,4.5,"94 km ESE of San Ignacio, Philippines",6.6689,127.2192,10.0
1739003293656,4.2,"33 km SSW of Amorgós, Greece",36.5404,25.7897,10.0
1739002599021,4.4,"30 km ENE of Firá, Greece",36.5757,25.7169,10.0
1739001347091,4.3,"188 km NNW of Sola, Vanuatu",-12.2252,167.1192,246.029
1738996363024,4.4,"103 km ESE of Shikotan, Russia",43.5378,147.9492,10.0
1738992972424,4.4,"48 km SSE of Curup, Indonesia",-3.8475,102.7441,142.271
1738991975845,4.1,"65 km W of Ollagüe, Chile",-21.1409,-68.8748,128.748
1738990835551,5.1,"218 km SW of Kotabumi, Indonesia",-6.0081,103.2994,40.225
1738989852553,5.2,"262 km NW of Sabang, Indonesia",7.5576,93.6213,57.805
1738985764391,4.4,"19 km NE of Firá, Greece",36.5578,25.5642,10.0
1738984969038,4.5,Carlsberg Ridge,4.1754,62.7864,10.0
1738984577957,4.3,"79 km NW of Coquimbo, Chile",-29.4714,-71.9488,10.0
1738984283649,4.4,"22 km ENE of Mesariá, Greece",36.5038,25.6604,10.0
1738984114136,4.3,"29 km ENE of Firá, Greece",36.5678,25.7027,10.0
1738982519028,4.6,"32 km SE of Vanimo, Papua New Guinea",-2.8949,141.5069,37.454
1738982055410,3.86,"89 km NE of Punta Cana, Dominican Republic",19.1401,-67.7905,46.0
1738981376665,4.3,"66 km SW of George Town, Cayman Islands",18.8141,-81.7688,10.0
1738979523571,4.6,"29 km NE of Firá, Greece",36.5956,25.6859,10.0
1738972731425,5.2,Carlsberg Ridge,4.1174,62.6942,10.0
1738971048759,3.6,"25 km SW of Wales, Alaska",65.422,-168.4121,16.4
1738970288978,4.5,Carlsberg Ridge,4.0193,62.7371,10.0
1738969584846,4.3,Carlsberg Ridge,4.2573,62.8973,10.0
1738969214594,5.3,Carlsberg Ridge,3.9921,62.5373,10.0
1738969082651,3.5,"23 km NNE of Yerington, Nevada",39.1654,-119.0138,8.4
1738963387205,3.6,"38 km WNW of Anchor Point, Alaska",59.9338,-152.4346,77.6
1738961774205,4.3,"51 km W of San José de Jáchal, Argentina",-30.2744,-69.282,14.72
1738959399531,4.4,Kermadec Islands region,-31.5751,-177.6336,10.0
1738957669315,4.5,"Volcano Islands, Japan region",24.5141,141.8473,10.0
1738954686751,4.0,"243 km WNW of Pangai, Tonga",-19.3165,-176.6181,577.818
1738953137359,4.9,"202 km WNW of Abepura, Indonesia",-1.9355,138.9307,10.834
1738951021411,4.1,"50 km ESE of Unalaska, Alaska",53.6636,-165.8628,62.262
1738946816926,4.7,"13 km NE of Yujing, Taiwan",23.2049,120.5577,10.0
1738945055989,4.6,"217 km N of Tobelo, Indonesia",3.6861,127.8424,83.655
1738944899537,4.5,"Galapagos Islands, Ecuador region",-0.0821,-95.6368,10.0
1738941562897,5.1,"33 km NNW of Malfa, Italy",38.8688,14.7371,74.164
1738941447557,4.6,"27 km SW of Amorgós, Greece",36.6793,25.6598,10.0
1738941409946,4.7,"23 km NE of Firá, Greece",36.5684,25.6265,10.0
1738936650451,4.4,south of the Fiji Islands,-24.1167,-179.7344,490.234
1738935824271,4.3,"210 km N of Tobelo, Indonesia",3.6232,127.8452,80.155
1738934252904,4.6,off the coast of Ecuador,1.2858,-83.6611,10.0
1738932929950,4.6,"93 km ESE of Shikotan, Russia",43.4426,147.7686,35.143
1738924228046,4.1,"12 km E of Mesariá, Greece",36.4155,25.5828,10.0
1738924021029,6.0,south of the Fiji Islands,-23.9177,-176.143,59.227
1738922437948,4.3,"37 km WNW of Ollagüe, Chile",-21.0998,-68.594,138.692
1738922244955,4.8,"20 km N of Āwash, Ethiopia",9.1686,40.1978,10.0
1738918434167,4.5,"61 km NE of Kinablangan, Philippines",8.0126,127.001,10.0
1738918341407,4.1,"22 km NE of Oía, Greece",36.5882,25.57,10.0
1738916568266,4.4,central Mid-Atlantic Ridge,3.2347,-31.3046,10.0
1738916460600,4.5,"129 km NNE of Hihifo, Tonga",-14.9108,-173.2504,10.0
1738916383580,4.6,"15 km NW of Āwash, Ethiopia",9.0972,40.0835,10.0
1738915770432,4.6,southern East Pacific Rise,-54.2492,-120.9191,10.0
1738913774156,4.0,"13 km ENE of Mesariá, Greece",36.4619,25.5745,10.0
1738913436462,4.5,"160 km N of Likisá, Timor Leste",-7.1453,125.1737,488.306
1738913393353,3.7,"183 km S of Atka, Alaska",50.5479,-174.3916,10.0
1738913081861,4.9,"2 km SSE of Caracoto, Peru",-15.5911,-70.0892,210.048
1738912575200,4.9,"24 km NE of Firá, Greece",36.5924,25.6059,10.0
1738912283085,4.4,"24 km NE of Firá, Greece",36.581,25.613,10.0
1738912041805,4.2,"131 km ENE of Hicks Bay, New Zealand",-37.3079,179.7428,10.0
1738911791268,4.9,"137 km NE of Labasa, Fiji",-15.6906,-179.6101,10.0
1738909691888,4.3,"13 km N of Santa Lucía, Peru",-15.58,-70.5977,200.547
1738908329654,4.4,"71 km E of Kokopo, Papua New Guinea",-4.2742,152.908,10.0
1738907385218,4.3,Fiji region,-18.5556,-177.7068,582.541
1738906985086,4.5,"223 km S of Pagar Alam, Indonesia",-6.0455,103.2248,27.109
1738906615335,4.4,"14 km S of San Miguel, El Salvador",13.3591,-88.1584,207.165
1738904840069,4.1,"25 km ENE of Mesariá, Greece",36.4694,25.7223,10.0
1738904799420,4.1,"21 km NE of Firá, Greece",36.5471,25.613,10.0
1738904592509,4.3,"80 km WSW of Sado, Japan",37.8023,137.4938,11.944
1738904199818,4.2,"17 km NE of Firá, Greece",36.5119,25.5972,10.0
1738903519838,4.4,"33 km NNE of Karakenja, Tajikistan",39.4958,71.7246,5.0
1738902716532,5.8,"southwest of Sumatra, Indonesia",-9.7224,97.5705,10.0
1738902267550,4.2,"5 km SSE of Galatás, Greece",38.3094,21.5887,45.877
1738901193340,4.0,"113 km ESE of Shikotan, Russia",43.3682,147.9926,10.0
1738899361102,4.9,"25 km NNW of Shintoku, Japan",43.2799,142.6954,160.03
1738899333451,4.4,"12 km NE of Firá, Greece",36.5114,25.5061,10.0
1738897610757,4.5,northern Mid-Atlantic Ridge,51.9902,-31.2597,10.0
1738893991038,4.0,"230 km ENE of Lospalos, Timor Leste",-7.4768,128.809,156.845
1738887561935,4.4,Fiji region,-18.8785,-177.3096,577.345
1738875802973,4.5,"4 km E of Jordán, Colombia",6.7282,-73.0557,156.313
1738872491019,4.2,"24 km NE of Oía, Greece",36.605,25.5811,10.0
1738872276835,4.2,"118 km ESE of Padangsidempuan, Indonesia",0.895,100.2172,212.711
1738872153662,4.5,Kuril Islands,46.661,153.1722,32.554
1738870487242,4.4,"21 km ENE of Mesariá, Greece",36.5043,25.6455,10.0
1738868660329,4.1,"84 km WNW of Kirakira, Solomon Islands",-10.2469,161.1782,46.839
1738865805198,4.3,"21 km ENE of Firá, Greece",36.5207,25.638,10.0
1738865789547,4.5,"85 km SSE of Hihifo, Tonga",-16.699,-173.5731,42.584
1738865019830,4.1,"17 km NE of Firá, Greece",36.5168,25.5922,10.0
1738863237324,4.2,"118 km S of Honchō, Japan",41.0625,143.0285,35.0
1738861796343,5.0,"36 km ESE of Vanimo, Papua New Guinea",-2.8434,141.5941,35.0
1738859097909,5.1,"37 km ESE of Vanimo, Papua New Guinea",-2.8343,141.6026,26.799
1738856601263,4.5,"101 km SSE of Lata, Solomon Islands",-11.5591,166.1886,89.55
1738852138499,4.4,"72 km W of Myaundzha, Russia",63.0407,145.7577,10.0
1738850995317,4.4,"15 km NE of Mesariá, Greece",36.4834,25.587,10.0
1738847787647,5.2,"170 km SE of Sarangani, Philippines",4.3939,126.6197,56.008
1738845738277,4.3,"91 km SW of Kýthira, Greece",35.5344,22.3222,52.053
1738844906100,4.8,South Sandwich Islands region,-55.6162,-28.1532,56.868
1738844487323,4.8,"47 km W of Castro, Chile",-42.4661,-74.3466,18.339
1738843548574,4.0,"213 km W of Port McNeill, Canada",50.4946,-130.0892,10.0
1738841753488,4.3,"261 km N of Saipan, Northern Mariana Islands",17.5389,146.1938,118.126
1738841359569,4.1,"22 km ENE of Mesariá, Greece",36.4855,25.6732,10.0
1738839289206,4.5,West Chile Rise,-38.3345,-93.1245,10.0
1738837143895,4.3,"51 km ENE of La Tirana, Chile",-20.13,-69.2198,93.772
1738831344080,4.4,Kermadec Islands region,-31.4715,-178.2275,39.567
1738830578436,4.1,"21 km ENE of Firá, Greece",36.529,25.6307,10.0
1738828665018,4.5,"23 km NE of Firá, Greece",36.554,25.638,10.0
1738822984636,4.2,"29 km ENE of Mesariá, Greece",36.4627,25.764,10.0
1738822917019,4.4,"17 km NE of Oía, Greece",36.5779,25.5158,10.0
1738821779469,4.3,"43 km SE of Calana, Peru",-18.1946,-69.8671,108.112
1738821642945,4.2,"25 km NE of Firá, Greece",36.5965,25.6156,10.0
1738821107236,4.7,"18 km NE of Oía, Greece",36.5889,25.5151,10.0
1738819367946,4.2,Kuril Islands,46.3521,151.8429,76.526
1738818069064,4.0,"209 km E of Levuka, Fiji",-17.7966,-178.7283,607.116
1738815396544,4.4,"287 km ESE of Levuka, Fiji",-18.9223,-178.1112,690.121
1738815313398,4.6,"9 km SSE of Coquimbo, Chile",-30.0276,-71.2882,50.087
1738814898340,4.0,"27 km NE of Firá, Greece",36.5714,25.6683,10.0
1738813000735,4.4,"17 km NE of Firá, Greece",36.5315,25.5755,10.0
1738812831642,4.4,"17 km NE of Firá, Greece",36.5289,25.5669,10.0
1738812535539,4.2,"20 km NE of Oía, Greece",36.5757,25.5527,10.0
1738812188345,4.6,"29 km NE of Oía, Greece",36.6462,25.6136,10.0
1738812184861,4.1,"183 km ENE of Petropavlovsk-Kamchatsky, Russia",53.6295,161.2169,51.171
1738811955233,4.2,"13 km NE of Firá, Greece",36.5114,25.5265,10.0
1738811509565,4.0,"16 km NNE of Oía, Greece",36.592,25.4727,10.0
1738811012700,4.6,"6 km S of Iwaizumi, Japan",39.7907,141.7934,57.616
1738810804456,4.2,"20 km NE of Firá, Greece",36.566,25.5667,10.0
1738810461435,4.5,"22 km NE of Firá, Greece",36.5727,25.5906,10.0
1738810362883,4.3,"26 km NE of Firá, Greece",36.6133,25.6122,10.0
1738810116854,4.4,"20 km ENE of Firá, Greece",36.5159,25.6251,10.0
1738809953650,4.2,"22 km NE of Oía, Greece",36.5919,25.5667,10.0
1738809205652,4.4,"55 km SSW of Nueva Concepción, Guatemala",13.7384,-91.5048,60.64
1738808847555,4.3,"22 km NE of Firá, Greece",36.5433,25.6319,10.0
1738808663155,4.5,"30 km SW of Amorgós, Greece",36.6312,25.6651,10.0
1738807330914,4.2,"25 km SW of Amorgós, Greece",36.6944,25.6693,10.0
1738806725207,4.3,off the west coast of northern Sumatra,3.45,92.9816,10.0
1738806065492,4.1,"27 km SSW of Amorgós, Greece",36.6184,25.7369,10.0
1738797401771,4.1,"25 km NE of Firá, Greece",36.5864,25.6275,10.981
1738796886102,4.3,"44 km NE of Calama, Chile",-22.1334,-68.6701,130.44
1738796364635,4.2,"21 km ENE of Mesariá, Greece",36.4664,25.6671,10.0
1738796265641,4.0,"26 km ENE of Firá, Greece",36.5499,25.6795,10.0
1738796018238,4.6,southeast of Easter Island,-39.0218,-92.6005,10.0
1738795178887,4.1,"33 km SW of Nueva Concepción, Guatemala",13.9771,-91.5133,39.452
1738790345074,4.4,"108 km NE of Lospalos, Timor Leste",-7.7491,127.6074,118.517
1738789500010,4.1,"26 km SW of Amorgós, Greece",36.6622,25.6841,10.0
1738787080640,4.3,"69 km S of Fīrūzābād, Iran",28.2239,52.4861,10.0
1738786507142,5.0,"142 km ESE of Neiafu, Tonga",-19.064,-172.6997,10.0
1738785039410,3.65,"165 km N of Suárez, Puerto Rico",19.9045,-65.5688,49.0
1738782578388,5.1,"28 km NE of Firá, Greece",36.6148,25.6436,10.0
1738782047706,4.4,"25 km NE of Firá, Greece",36.5671,25.655,10.0
1738780848477,4.7,"south of Sumbawa, Indonesia",-11.502,117.1893,10.0
1738777646249,4.8,"25 km ENE of Firá, Greece",36.5406,25.6733,10.0
1738777551503,4.1,"25 km SSW of Amorgós, Greece",36.6374,25.742,10.0
1738777453171,4.5,southern Mid-Atlantic Ridge,-47.3959,-13.4291,10.0
1738773532603,4.3,southeast Indian Ridge,-47.127,100.5,10.0
1738772648395,4.1,"28 km NE of Firá, Greece",36.5719,25.6947,10.0
1738772322148,4.2,"32 km ENE of Mesariá, Greece",36.5387,25.7673,10.0
1738772201706,4.3,"19 km ENE of Mesariá, Greece",36.4854,25.6385,10.0
1738771372243,4.5,"222 km WSW of Tual, Indonesia",-6.1836,130.8173,116.673
1738771128443,4.2,"30 km SSW of Amorgós, Greece",36.5938,25.7328,10.0
1738770447700,3.76,"162 km N of Suárez, Puerto Rico",19.8751,-65.5785,34.0
1738765230056,4.2,"60 km NNW of Te Anau, New Zealand",-44.9366,167.3471,27.912
1738765087387,4.6,"53 km SE of Tambolaka, Indonesia",-9.7446,119.6086,62.179
1738764679852,4.2,"77 km SE of Palca, Peru",-18.2737,-69.4428,135.172
1738764282666,4.2,"96 km ENE of Severo-Kuril’sk, Russia",50.8596,157.4609,70.926
1738763772654,4.2,"55 km SW of Nueva Concepción, Guatemala",13.8471,-91.6616,47.355
1738763608710,3.71,"70 km NE of Punta Cana, Dominican Republic",19.0855,-67.993,24.0
1738759022127,4.4,"46 km WSW of San Antonio, Chile",-33.8151,-72.0357,28.63
1738757671251,4.3,"32 km ENE of Mesariá, Greece",36.4972,25.7925,10.0
1738757376056,4.3,"28 km SW of Amorgós, Greece",36.6351,25.7018,10.0
1738756352550,4.3,"20 km NE of Mesariá, Greece",36.504,25.6371,10.0
1738756238676,4.1,"18 km ENE of Firá, Greece",36.5056,25.6042,10.0
1738755624195,4.4,"27 km SW of Amorgós, Greece",36.6669,25.6653,10.0
1738755228303,4.5,"26 km SW of Amorgós, Greece",36.6717,25.6831,10.0
1738754765218,4.6,"8 km E of Mesariá, Greece",36.3957,25.5448,10.0
1738754734311,4.4,"23 km ESE of Íos, Greece",36.6658,25.5378,10.0
1738754643684,4.3,"20 km ENE of Mesariá, Greece",36.4636,25.6653,10.0
1738754501679,4.4,"17 km NE of Oía, Greece",36.5635,25.5224,10.0
1738754246723,4.7,"17 km NE of Oía, Greece",36.554,25.5345,10.0
1738754166200,4.3,"24 km ENE of Mesariá, Greece",36.4851,25.7023,10.0
1738754022954,4.5,"29 km ENE of Mesariá, Greece",36.5331,25.7297,10.0
1738753891142,4.4,"129 km SSW of Maitum, Philippines",4.9771,124.0056,484.054
1738753857322,4.6,"29 km NE of Oía, Greece",36.6477,25.6137,10.0
1738753824486,4.8,"26 km SW of Amorgós, Greece",36.6906,25.653,10.0
1738753738272,4.7,"27 km E of Íos, Greece",36.7115,25.5851,10.0
1738753424610,4.2,"29 km NE of Firá, Greece",36.5823,25.6876,10.0
1738753343747,4.1,"18 km WNW of Amorgós, Greece",36.8936,25.7032,10.0
1738753171095,4.4,"27 km E of Mesariá, Greece",36.4131,25.7491,10.0
1738752604183,4.6,"121 km W of San Antonio de los Cobres, Argentina",-24.2851,-67.5153,212.715
1738752561760,4.5,"35 km WSW of Villa Yapacaní, Bolivia",-17.538,-64.1322,10.0
1738752465803,4.2,"28 km ENE of Mesariá, Greece",36.4647,25.7601,10.0
1738751708730,4.8,"25 km NE of Firá, Greece",36.5846,25.6324,10.0
1738749819252,4.5,south of the Fiji Islands,-24.2905,-176.4049,70.195
1738746493269,4.8,"50 km E of La Tirana, Chile",-20.2899,-69.1757,98.423
1738746054734,4.2,"22 km ENE of Firá, Greece",36.531,25.6446,10.0
1738745873698,4.1,"280 km ENE of Abraham’s Bay, Bahamas",22.8907,-70.2974,10.0
1738743694425,4.9,"26 km SW of Palora, Ecuador",-1.873,-78.1268,147.729
1738743342396,4.7,"146 km SSE of Perryville, Alaska",54.744,-158.068,10.0
1738742968037,3.6,"21 km SE of Livengood, Alaska",65.4076,-148.1783,10.0
1738742829773,4.3,"22 km SSW of Susitna, Alaska",61.3605,-150.7112,5.4
1738742621352,4.6,"30 km E of Baculin, Philippines",7.4306,126.8564,82.39
1738741261166,4.1,"14 km SSE of Emporeío, Greece",36.2351,25.4966,10.0
1738740130653,4.1,"54 km SW of Nueva Concepción, Guatemala",13.7969,-91.5946,58.424
1738739862101,4.8,"71 km WNW of Isangel, Vanuatu",-19.1915,168.7098,35.0
1738738879323,5.6,"40 km SSW of Nueva Concepción, Guatemala",13.8906,-91.5044,69.87
1738738696044,4.3,"Maug Islands region, Northern Mariana Islands",19.575,145.4716,149.517
1738738535568,4.4,"27 km S of Amorgós, Greece",36.5893,25.87,10.0
1738728076606,4.3,"Kermadec Islands, New Zealand",-30.272,-177.8927,77.824
1738725150192,5.5,"96 km NNW of Ternate, Indonesia",1.6173,127.118,99.0
1738724940344,5.0,"262 km N of Hicks Bay, New Zealand",-35.2552,178.7176,10.0
1738722806551,4.3,south of the Kermadec Islands,-32.332,179.6905,333.505
1738722507680,4.0,"22 km NE of Firá, Greece",36.5885,25.5814,10.0
1738722064347,4.4,"21 km ESE of Íos, Greece",36.674,25.5159,10.0
1738721803827,4.1,"30 km NE of Firá, Greece",36.6133,25.6747,10.0
1738720524126,4.1,"14 km ENE of Mesariá, Greece",36.4499,25.598,10.0
1738719191427,4.7,southern Mid-Atlantic Ridge,-22.5928,-12.8139,10.0
1738718539160,4.3,"8 km SSW of Camiña, Chile",-19.3884,-69.4481,91.934
1738718327929,4.2,"27 km W of Ollagüe, Chile",-21.1828,-68.5153,144.152
1738718267588,4.1,"206 km ENE of Olonkinbyen, Svalbard and Jan Mayen",71.4435,-3.2121,10.0
1738718239958,4.3,"203 km ENE of Olonkinbyen, Svalbard and Jan Mayen",71.6197,-3.4615,10.0
1738718166832,4.1,"222 km ENE of Olonkinbyen, Svalbard and Jan Mayen",71.4705,-2.7704,10.0
1738716801365,4.0,"92 km ESE of Kuqa, China",41.3622,83.935,10.0
1738715765430,4.1,"20 km NE of Oía, Greece",36.5962,25.5406,10.0
1738713426349,4.2,"22 km NE of Oía, Greece",36.5936,25.5745,10.0
1738713043240,4.3,"35 km S of Emporeío, Greece",36.0361,25.4368,10.0
1738712877410,5.0,Kuril Islands,46.5329,153.4389,10.0
1738712552459,5.0,"90 km SE of Kuqa, China",41.2109,83.7757,10.0
1738709493354,4.0,"57 km SE of Atlasovo, Russia",55.2059,160.2092,128.053
1738708430596,4.5,"142 km W of Hihifo, Tonga",-15.9675,-175.1231,253.224
1738703501258,4.0,"21 km ENE of Mesariá, Greece",36.4941,25.6559,10.0
1738701813611,3.9,"186 km WNW of Adak, Alaska",52.3163,-179.256,216.009
1738701659032,4.4,"31 km SSW of Amorgós, Greece",36.5869,25.723,10.0
1738700302131,4.2,"19 km NE of Mesariá, Greece",36.498,25.6297,10.0
1738699614717,4.5,"28 km NE of Mesariá, Greece",36.5433,25.7047,10.0
1738699538293,4.5,"26 km ENE of Mesariá, Greece",36.4771,25.7281,10.0
1738699391393,4.2,"9 km NE of Oía, Greece",36.5267,25.4495,10.0
1738699223415,4.7,"20 km NE of Firá, Greece",36.5665,25.5654,10.0
1738699205664,4.2,"47 km NW of Huoshilafu, China",38.1915,76.3387,10.0
1738698862998,4.1,"21 km NE of Firá, Greece",36.5564,25.6016,10.0
1738698724150,4.3,"20 km NE of Firá, Greece",36.5337,25.6148,10.0
1738698633507,4.4,"30 km NE of Firá, Greece",36.6084,25.6763,10.0
1738697546180,4.6,"151 km SE of Akutan, Alaska",53.31,-163.9454,10.0
1738697266561,5.0,"151 km SE of Akutan, Alaska",53.316,-163.9373,10.0
1738695819600,4.1,"21 km NE of Firá, Greece",36.5581,25.6069,10.0
1738694237849,4.3,"31 km NW of Āwash, Ethiopia",9.2076,39.9892,10.0
1738693832082,4.4,"231 km NW of Tobelo, Indonesia",3.4305,126.7991,59.511
1738693317027,5.1,northern Mid-Atlantic Ridge,30.9335,-41.2503,10.0
1738692735549,4.3,"7 km SSW of Āwash, Ethiopia",8.9165,40.1433,10.0
1738691927250,4.2,"12 km SW of Āwash, Ethiopia",8.8958,40.094,10.0
1738691518441,4.3,"1 km SW of Capaccio Scalo, Italy",40.4467,14.9972,304.774
1738690948891,4.5,"244 km SW of Tual, Indonesia",-7.0226,131.0364,40.745
1738690799187,4.2,"18 km SSW of Metahāra, Ethiopia",8.7436,39.8619,10.0
1738690702660,4.3,"16 km SSE of Metahāra, Ethiopia",8.7646,39.9717,10.0
1738690678366,5.0,northern Mid-Atlantic Ridge,30.9609,-41.4001,10.0
1738690197164,4.3,"4 km S of Āwash, Ethiopia",8.9404,40.1734,10.0
1738689842976,3.8,"147 km SE of Akutan, Alaska",53.3312,-164.0017,29.133
1738689776494,4.4,"20 km ESE of Íos, Greece",36.6327,25.4813,10.0
1738689502992,4.8,central Mid-Atlantic Ridge,-0.3942,-19.5365,10.0
1738689052053,4.5,"25 km NE of Firá, Greece",36.6039,25.6079,10.0
1738687077113,4.8,"131 km NE of Hihifo, Tonga",-15.1296,-172.9165,10.0
1738686684878,4.4,"145 km SE of Akutan, Alaska",53.3918,-163.9506,36.34
1738685284767,4.1,"108 km NNE of Agats, Indonesia",-4.6078,138.4134,124.887
1738683910970,4.4,"Kepulauan Babar, Indonesia",-7.3505,129.9118,145.134
1738680811328,4.3,"43 km NE of Acarí, Peru",-15.1555,-74.3206,73.227
1738678665523,4.5,"82 km NW of Mohr, Iran",28.122,52.339,10.0
1738677826661,4.1,"30 km ENE of Mesariá, Greece",36.5349,25.7426,13.041
1738677665485,4.4,"26 km ESE of San Alejandro, Peru",-8.9558,-75.0072,124.248
1738677151403,4.0,"29 km NE of Firá, Greece",36.6202,25.655,10.0
1738674658458,4.2,"232 km NW of Tobelo, Indonesia",3.3618,126.6979,46.933
1738674254865,5.3,"17 km NE of Firá, Greece",36.5284,25.5729,16.225
1738673978080,4.2,"28 km SW of Amorgós, Greece",36.626,25.7153,10.0
1738673420249,4.4,"30 km SW of Amorgós, Greece",36.6392,25.6531,11.646
1738672610211,4.7,"13 km ENE of Firá, Greece",36.483,25.5546,10.775
1738671299208,4.2,"24 km E of Mesariá, Greece",36.4068,25.7187,10.0
1738670683220,4.2,"21 km NE of Firá, Greece",36.5332,25.622,10.0
1738667877417,4.4,"197 km E of Hihifo, Tonga",-16.1268,-171.9608,10.0
1738665348041,4.3,"25 km SW of Amorgós, Greece",36.6934,25.6689,9.479
1738662456857,4.3,"34 km NNW of Labuan, Indonesia",-6.0896,105.7206,10.0
1738661805545,5.1,"143 km SSW of Kokopo, Papua New Guinea",-5.5735,151.8696,57.4
1738661009689,4.3,"22 km NE of Firá, Greece",36.5768,25.5841,10.0
1738660341367,4.5,"17 km ESE of Tarama, Japan",24.6293,124.8727,35.0
1738660169958,4.7,"29 km SW of Amorgós, Greece",36.6575,25.6501,7.512
1738659798906,4.6,"30 km ENE of Firá, Greece",36.5729,25.7204,7.822
1738659385810,4.2,"286 km WSW of La Cruz de Loreto, Mexico",18.6401,-107.771,10.0
1738659326728,4.6,"21 km NE of Firá, Greece",36.5417,25.6129,10.0
1738657158867,4.3,"35 km S of Yilan, Taiwan",24.4343,121.7646,70.844
1738656944825,4.4,"25 km NE of Firá, Greece",36.5492,25.6635,10.0
1738655473996,4.6,"208 km SSW of Akhiok, Alaska",55.1327,-155.0395,27.6
1738655113544,4.6,"21 km S of Santa Rosa, Ecuador",-3.644,-79.9818,70.943
1738652183437,4.1,"12 km NE of Mesariá, Greece",36.4661,25.5563,10.0
1738652004857,4.6,"27 km NE of Firá, Greece",36.5853,25.6551,10.0
1738651077560,4.1,"20 km E of Mesariá, Greece",36.403,25.6746,10.0
1738649352089,4.7,"29 km NE of Firá, Greece",36.6036,25.674,10.0
1738648818093,4.4,"45 km ENE of Jurm, Afghanistan",37.0822,71.2673,107.877
1738647057230,4.1,"18 km NE of Firá, Greece",36.5501,25.5602,10.0
1738646053151,4.5,"64 km NW of Taltal, Chile",-25.007,-70.9444,24.767
1738645634214,4.2,"16 km NNE of Firá, Greece",36.5441,25.528,10.0
1738644727268,4.0,"29 km SW of Wales, Alaska",65.3903,-168.4689,12.6
1738639221554,5.0,southern Mid-Atlantic Ridge,-22.8087,-12.8878,10.0
1738638231958,4.2,"27 km NE of Firá, Greece",36.5662,25.6764,10.0
1738637296318,4.4,"23 km NE of Firá, Greece",36.5655,25.6209,10.0
1738637166496,5.0,"29 km SW of Amorgós, Greece",36.6507,25.6615,10.0
1738635610861,4.3,West Chile Rise,-38.9855,-92.0227,10.0
1738633233905,5.7,West Chile Rise,-38.8932,-92.3973,10.0
1738632550139,4.5,West Chile Rise,-37.9053,-92.3815,10.0
1738631976938,4.1,"15 km NE of Oía, Greece",36.5487,25.5124,10.0
1738627806407,5.0,South Sandwich Islands region,-57.4634,-25.4376,35.0
1738626808566,4.2,"63 km SSW of Palimbang, Philippines",5.673,123.9953,521.781
1738624653388,4.1,"13 km SSE of Emporeío, Greece",36.2523,25.5203,10.0
1738621267484,4.2,"138 km N of Tobelo, Indonesia",2.9655,128.1796,116.802
1738618551094,5.9,"146 km N of Tobelo, Indonesia",3.0383,128.2254,103.0
1738618247145,4.7,"108 km S of Waingapu, Indonesia",-10.6353,120.1681,10.0
1738617788202,4.1,"24 km ENE of Mesariá, Greece",36.4969,25.6954,10.0
1738617095764,4.3,"113 km WNW of Port-Olry, Vanuatu",-14.7993,166.0518,35.0
1738615154502,4.6,"29 km NE of Firá, Greece",36.6177,25.6545,10.0
1738614493108,4.2,"23 km ESE of Íos, Greece",36.6656,25.5315,10.0
1738614233566,4.3,"31 km SSW of Amorgós, Greece",36.5831,25.7287,10.0
1738613979012,4.9,"21 km NE of Firá, Greece",36.5365,25.6279,10.0
1738613786077,4.5,"91 km S of Waingapu, Indonesia",-10.4821,120.3008,24.752
1738613543219,4.2,"33 km S of Jurm, Afghanistan",36.5693,70.8775,154.415
1738610099452,5.4,"130 km E of Tatsugō, Japan",28.6509,130.9177,26.747
1738609599451,4.1,"211 km S of Severo-Kuril’sk, Russia",48.7821,156.3265,10.0
1738605969031,4.3,northern Mid-Atlantic Ridge,14.0676,-45.01,10.0
1738604699393,4.7,"21 km NE of Firá, Greece",36.5473,25.6076,10.0
1738600535871,4.3,"178 km ESE of Atka, Alaska",51.6162,-171.7805,35.076
1738597385029,4.3,"75 km SSE of Blangpidie, Indonesia",3.0801,97.006,67.45
1738595945630,4.4,"31 km ENE of Mesariá, Greece",36.5493,25.7487,10.0
1738590770341,4.1,"26 km NE of Firá, Greece",36.5658,25.6603,10.0
1738589248027,4.6,"98 km NNW of Hihifo, Tonga",-15.0848,-174.0044,10.0
1738587904508,4.5,"25 km NE of Oía, Greece",36.6377,25.566,10.0
1738587737938,5.5,southeast of the Loyalty Islands,-22.8238,171.3937,10.0
1738586328440,4.1,"26 km SW of Amorgós, Greece",36.6331,25.7258,10.0
1738586234836,4.0,"29 km ENE of Mesariá, Greece",36.5141,25.74,10.0
1738585914652,4.0,"24 km NE of Firá, Greece",36.5512,25.6568,10.0
1738585060723,4.9,"29 km NE of Firá, Greece",36.6164,25.6564,10.0
1738584608164,4.3,"26 km NE of Firá, Greece",36.5823,25.6431,10.0
1738583448678,4.6,"28 km WSW of Amorgós, Greece",36.6886,25.6302,10.0
1738583293638,4.2,"5 km NW of Las Terrenas, Dominican Republic",19.3475,-69.5753,77.923
1738583046038,4.0,"30 km ENE of Firá, Greece",36.5585,25.7224,10.0
1738581660070,4.4,"26 km SW of Amorgós, Greece",36.6848,25.6611,10.0
1738578968485,4.1,"16 km ENE of Mesariá, Greece",36.4411,25.628,10.0
1738578714335,5.1,"70 km SSW of Pangai, Tonga",-20.3474,-174.7246,10.0
1738576138505,4.3,"30 km SW of Amorgós, Greece",36.6194,25.6796,10.0
1738575905480,4.7,"22 km W of Mezzouna, Tunisia",34.581,9.5926,10.0
1738574983294,5.0,"27 km NE of Oía, Greece",36.6285,25.6074,10.0
1738574838107,4.1,"11 km NE of Firá, Greece",36.4883,25.5345,10.0
1738573012421,4.4,"25 km E of Mesariá, Greece",36.4216,25.7353,10.153
1738571188762,4.9,"30 km SW of Amorgós, Greece",36.6341,25.669,10.0
1738570852172,4.7,South Sandwich Islands region,-56.9289,-25.1513,10.0
1738570642475,4.4,"31 km E of Mesariá, Greece",36.4047,25.7992,10.0
1738570388477,4.8,"28 km SW of Amorgós, Greece",36.6477,25.669,10.57
1738570240470,4.2,"35 km S of Khorugh, Tajikistan",37.1665,71.5774,137.07
1738570215874,4.5,"29 km ESE of Íos, Greece",36.6711,25.6052,8.236
1738569990580,4.3,"25 km NE of Firá, Greece",36.553,25.6585,10.0
1738569934509,4.3,"23 km NE of Firá, Greece",36.546,25.6381,6.724
1738569664735,4.6,"21 km E of Patitírion, Greece",39.1246,24.1159,10.0
1738569539424,4.5,"18 km E of Emporeío, Greece",36.3663,25.6517,10.0
1738569397037,4.5,"215 km ENE of Petropavlovsk-Kamchatsky, Russia",53.7124,161.6768,10.0
1738569053529,4.5,"21 km SE of Emporeío, Greece",36.2377,25.6352,10.0
1738568705185,4.4,"30 km E of Mesariá, Greece",36.4397,25.7803,8.702
1738568566030,4.4,"19 km NE of Oía, Greece",36.5756,25.5483,9.072
1738568182933,4.3,"22 km NE of Firá, Greece",36.5349,25.6412,9.299
1738566544633,4.2,"21 km ENE of Mesariá, Greece",36.5057,25.6521,12.083
1738564564293,5.0,"36 km S of Diomede, Alaska",65.4395,-169.0918,10.0
1738561705485,4.3,"22 km NE of Firá, Greece",36.5757,25.5858,11.379
1738560922558,4.5,"21 km NE of Firá, Greece",36.5653,25.5865,10.0
1738560283742,4.4,"8 km ENE of Firá, Greece",36.4588,25.5081,10.0
1738559510253,4.3,"29 km SW of Amorgós, Greece",36.6527,25.6467,11.361
1738559444768,4.2,"18 km ENE of Firá, Greece",36.5059,25.6047,10.0
1738559218738,4.7,"66 km E of Luganville, Vanuatu",-15.5311,167.782,205.028
1738558596118,4.0,"31 km SE of Khorugh, Tajikistan",37.289,71.8015,152.252
1738556440158,4.4,"23 km NE of Firá, Greece",36.5755,25.6175,9.499
1738555439925,3.8,"98 km SSE of Nikolai, Alaska",62.1622,-153.872,6.3
1738553821619,4.6,southeast of the Loyalty Islands,-22.5335,171.5353,47.748
1738553775319,4.3,"150 km WSW of Tual, Indonesia",-6.1148,131.4841,42.541
1738550003028,4.7,"220 km ENE of Olonkinbyen, Svalbard and Jan Mayen",71.5903,-2.9315,10.0
1738547969522,4.1,"24 km NE of Firá, Greece",36.5995,25.5887,10.0
1738542336306,4.2,"287 km WNW of Port McNeill, Canada",51.5189,-130.9058,10.0
1738540481798,4.5,"20 km NE of Firá, Greece",36.5329,25.6191,10.0
1738540024473,4.6,"54 km SW of Colonia, Micronesia",9.1205,137.8332,10.0
1738531281168,3.6,"158 km SE of Chignik, Alaska",55.144,-156.9184,0.1
1738528672136,4.4,"55 km W of Ie, Japan",26.8065,127.2617,11.63
1738527264520,4.5,"14 km NE of Oía, Greece",36.5404,25.5038,10.0
1738526861298,4.7,"40 km N of Ternate, Indonesia",1.1516,127.449,150.779
1738521801236,4.3,"116 km SE of Nemuro, Japan",42.6451,146.6627,10.0
1738520866605,4.2,"23 km E of Íos, Greece",36.7295,25.5464,10.0
1738520730194,4.2,"28 km SW of Amorgós, Greece",36.6349,25.6933,10.0
1738518343060,4.7,"17 km NE of Firá, Greece",36.5458,25.5417,10.0
1738518080249,4.7,"21 km ENE of Firá, Greece",36.5144,25.64,10.0
1738515851184,4.2,"25 km ENE of Firá, Greece",36.543,25.6697,10.0
1738513385378,4.2,"242 km WNW of Houma, Tonga",-20.3391,-177.4593,365.841
1738511703251,4.3,south of the Fiji Islands,-24.0422,179.1628,548.192
1738510991489,5.0,"7 km SSW of Tubajon, Philippines",10.267,125.5373,119.531
1738510700765,4.2,"170 km SW of Merizo Village, Guam",12.1833,143.5493,39.418
1738507995193,4.1,"57 km NE of Kon Tum, Vietnam",14.7756,108.3192,10.0
1738504457046,4.7,"20 km WSW of Ovalle, Chile",-30.6865,-71.3921,49.159
1738503523494,4.5,"67 km SE of Sungai Penuh, Indonesia",-2.539,101.7649,149.115
1738503150092,4.3,"23 km NE of Firá, Greece",36.5684,25.6185,10.0
1738500942093,4.9,"29 km SW of Amorgós, Greece",36.6316,25.6809,10.0
1738500719302,4.1,"40 km S of Zacatecoluca, El Salvador",13.134,-88.9205,88.362
1738500459496,4.0,"57 km N of Camiña, Chile",-18.7955,-69.5034,108.959
1738499652598,4.3,"2 km WNW of Radwanice, Poland",51.5832,15.9097,10.0
1738499513563,4.5,Fiji region,-21.3743,-179.2623,622.147
1738498209601,4.4,"24 km ENE of Firá, Greece",36.5338,25.6618,10.0
1738497224262,4.4,"28 km NE of Oía, Greece",36.6465,25.6007,10.0
1738496487490,4.4,"29 km NE of Firá, Greece",36.63,25.6257,10.0
1738496133679,4.4,"25 km NE of Firá, Greece",36.5915,25.6267,10.0
1738494290207,4.2,Kuril Islands,46.9989,152.6511,70.653
1738494254286,4.2,"15 km ENE of Mesariá, Greece",36.4618,25.6086,10.0
1738491928358,4.6,"Off the coast of Aisen, Chile",-44.4772,-79.4775,10.0
1738489933994,4.2,"38 km SSW of Karaton, Kazakhstan",46.1272,53.2658,10.0
1738488862582,4.3,"12 km ENE of Oía, Greece",36.5257,25.497,10.0
1738488384826,4.0,"33 km ENE of Mesariá, Greece",36.5284,25.7839,10.0
1738487662781,4.2,"18 km NE of Oía, Greece",36.5768,25.5273,10.0
1738487590821,4.4,south of the Fiji Islands,-23.4756,-179.5148,539.102
1738486620613,4.5,"88 km SSW of Kokopo, Papua New Guinea",-5.1034,152.009,65.733
1738485424039,4.1,"23 km NE of Oía, Greece",36.6227,25.5527,10.0
1738483992690,4.1,"16 km NE of Iwaki, Japan",37.1407,141.0275,68.622
1738481841126,5.1,"169 km SW of Ambon, Indonesia",-4.6762,127.0095,10.0
1738480925309,4.6,"27 km NE of Oía, Greece",36.6439,25.592,10.0
1738480639602,4.2,"87 km NNE of Lobuche, Nepal",28.6434,87.2383,10.0
1738478888601,4.2,"17 km ENE of Mesariá, Greece",36.4818,25.6178,10.0
1738473730597,4.3,"182 km WNW of Tual, Indonesia",-5.2292,131.1573,71.855
1738470830134,4.4,"142 km SSW of Ust’-Kamchatsk Staryy, Russia",54.9989,161.8467,62.568
1738466622329,4.3,"73 km NNW of Ishigaki, Japan",24.9457,123.8417,101.69
1738466374050,4.6,southeast of the Loyalty Islands,-23.1092,171.3369,10.0
1738463027701,4.6,southeast of the Loyalty Islands,-23.3173,171.4118,10.0
1738461936400,4.5,"172 km WNW of Tobelo, Indonesia",2.4545,126.6379,49.555
1738460153630,4.6,"16 km WNW of Āwash, Ethiopia",9.0549,40.037,10.0
1738458551687,4.2,"26 km NNE of Attu Station, Alaska",53.0503,173.3816,10.0
1738453494638,4.1,"105 km S of Nikolski, Alaska",52.0048,-168.5636,10.0
1738449570564,4.4,"272 km WSW of Tual, Indonesia",-6.7463,130.5532,82.666
1738441902282,4.4,South Sandwich Islands region,-58.8086,-25.9875,93.261
1738441643465,4.6,"41 km SSE of Palca, Peru",-18.1185,-69.8135,131.531
1738441471829,4.8,"163 km SW of Nabire, Indonesia",-4.4504,134.5003,10.0
1738433785540,4.06,"142 km NE of Cruz Bay, U.S. Virgin Islands",19.3956,-64.0406,41.0
1738432107012,4.9,"75 km NE of Savannah Bight, Honduras",17.0146,-85.4494,10.0
1738427335992,4.8,"9 km NNW of Villa Basilio Nievas, Argentina",-31.4645,-68.7614,112.143
1738426401474,4.9,South Sandwich Islands region,-60.1239,-27.1525,10.0
1738424920272,3.9,"20 km SW of Bojonegoro, Indonesia",-7.2791,111.7534,239.768
1738423558039,4.5,"114 km N of Hihifo, Tonga",-14.9194,-173.7742,35.0
1738417948279,4.8,south of the Fiji Islands,-23.5565,-177.4062,176.786
1738416595778,4.4,"15 km ENE of Mesariá, Greece",36.4448,25.607,10.0
1738416034640,3.6,"37 km SSE of Boca de Yuma, Dominican Republic",18.0945,-68.411,74.0
1738414304966,4.2,"22 km ENE of Mesariá, Greece",36.4479,25.6859,10.0
1738413994402,4.1,"63 km S of Churāchāndpur, India",23.757,93.6375,62.526
1738413803893,4.9,southeast of the Loyalty Islands,-23.0599,171.5455,10.0
1738413660066,4.5,"41 km SSE of Churāchāndpur, India",23.9786,93.7854,58.87
1738412149637,4.4,"82 km SW of Unalaska, Alaska",53.35,-167.4063,76.482
1738410251789,4.2,"102 km E of Bitung, Indonesia",1.4434,126.0506,47.12
1738409306193,4.4,"60 km W of Ollagüe, Chile",-21.2389,-68.8373,118.977
1738409251041,4.5,"37 km WNW of Archidona, Ecuador",-0.8286,-78.1318,10.0
1738407950660,4.7,"38 km WNW of Archidona, Ecuador",-0.8167,-78.1383,10.0
1738407677568,4.2,"7 km WNW of Del Carmen, Surigao del Norte, Philippines",9.8839,125.9034,104.794
1738403580239,4.1,"189 km NNW of Sola, Vanuatu",-12.4279,166.62,99.954
1738402002391,4.7,"106 km S of Houghton Bay, New Zealand",-42.2994,174.7389,10.0
1738399288513,4.5,"48 km S of Sola, Vanuatu",-14.3156,167.5464,173.996
1738399051297,4.3,"97 km W of San Antonio de los Cobres, Argentina",-24.2946,-67.2771,220.449
1738396469499,4.2,south of the Fiji Islands,-24.863,179.9855,496.348
1738393296706,4.2,"141 km SW of Nikolski, Alaska",52.1499,-170.5002,49.668
1738392563205,4.8,"138 km WNW of Malango, Solomon Islands",-9.0476,158.6408,10.0
1738391686367,4.1,south of the Fiji Islands,-24.3385,-179.7951,474.765
1738391595410,4.2,South Sandwich Islands region,-55.8846,-27.6392,97.352
1738387904184,3.8,"106 km S of Nikolski, Alaska",51.9885,-168.7332,10.0
1738387894237,4.4,"18 km NE of Firá, Greece",36.5348,25.5769,10.0
1738386171306,4.1,"76 km SSW of Fīrūzābād, Iran",28.181,52.3705,10.0
1738377602029,4.5,"50 km SW of Puerto Madero, Mexico",14.3625,-92.7179,35.0
1738374767104,4.2,"113 km SW of Nikolski, Alaska",52.1805,-169.9747,41.368
1738374650277,4.3,"37 km W of Archidona, Ecuador",-0.8465,-78.1352,10.0
1738374386672,4.4,south of the Fiji Islands,-25.2313,179.9515,527.407
1738371323965,4.6,"195 km NE of Lospalos, Timor Leste",-7.413,128.3798,124.81
1738370868621,4.5,South Sandwich Islands region,-55.9755,-27.5553,103.374
1738370416378,5.0,"83 km S of Pundong, Indonesia",-8.7088,110.3252,67.863
1738367860376,4.5,"91 km W of Lata, Solomon Islands",-10.603,164.9664,56.946
1738367312250,3.5,"22 km S of King Salmon, Alaska",58.4903,-156.6191,199.7
1738365571478,4.9,"23 km NNE of Attu Station, Alaska",53.0372,173.3305,10.0
1738365551850,3.5,"46 km SSW of Adak, Alaska",51.4715,-176.8079,39.3
1738364548819,5.5,"32 km W of Archidona, Ecuador",-0.8691,-78.093,8.0
1738361955601,4.4,"120 km NNW of San José de Jáchal, Argentina",-29.2912,-69.3476,145.86
1738361813571,4.4,"33 km S of Makurazaki, Japan",30.9646,130.3362,153.571
1738357691026,4.1,"76 km NW of Mohr, Iran",28.1127,52.4269,10.0
1738353008786,4.7,"135 km ENE of Hihifo, Tonga",-15.6943,-172.5599,10.0
1738347731188,4.4,"37 km SW of Masachapa, Nicaragua",11.5721,-86.7803,52.541
1738347364138,4.0,"65 km E of La Tirana, Chile",-20.2994,-69.0312,100.93
1738347071331,4.5,Banda Sea,-6.7457,129.8309,164.158
1738343284125,4.5,"131 km ESE of Kirakira, Solomon Islands",-10.8186,163.0678,33.041
1738342888311,4.3,"139 km E of Bitung, Indonesia",1.5851,126.3737,42.698
1738339087004,5.0,"Kermadec Islands, New Zealand",-30.7211,-177.9371,10.0
1738333259251,4.1,"149 km SW of Emiliano Zapata, Mexico",18.4388,-105.9757,10.0
1738332242474,4.7,South Sandwich Islands region,-58.6592,-24.7268,10.0
1738330789474,4.3,"156 km E of Kirakira, Solomon Islands",-10.4737,163.346,10.0
1738330691861,4.4,"113 km NNE of Lae, Papua New Guinea",-5.7213,147.2338,147.966
1738325306060,4.4,"190 km SSW of Methóni, Greece",35.1412,21.275,17.845
1738325050418,5.4,"154 km E of Kirakira, Solomon Islands",-10.6357,163.3231,10.0
1738322247792,4.3,"7 km SE of Shatoy, Russia",42.8205,45.7409,10.0
1738321421833,5.7,"61 km SSE of Blangpidie, Indonesia",3.2692,97.128,53.0
1738319391568,4.3,south of the Fiji Islands,-25.0257,179.7749,512.345
1738316958790,3.65,"88 km N of Culebra, Puerto Rico",19.0976,-65.2365,27.0
1738316438181,4.4,"168 km N of Shi Yomi, India",30.0361,94.1474,10.0
1738315380384,4.5,"32 km NNW of Āwash, Ethiopia",9.2635,40.0724,10.0
1738315340781,4.2,"27 km SE of Debre Sīna, Ethiopia",9.6489,39.9118,10.0
1738314620551,4.6,"90 km NNW of Hirara, Japan",25.606,125.1126,120.722
1738314290646,5.7,central Mid-Atlantic Ridge,0.4304,-25.1449,10.0
1738314246240,3.8,"113 km NNE of Cruz Bay, U.S. Virgin Islands",19.3115,-64.4636,28.0
1738314171817,4.4,"23 km SE of Debre Sīna, Ethiopia",9.6881,39.8966,10.0
1738314084827,4.4,"25 km NNW of Āwash, Ethiopia",9.1929,40.0645,10.0
1738313315273,4.3,"79 km SSW of Fīrūzābād, Iran",28.1426,52.3993,10.0
1738310324718,4.5,Kermadec Islands region,-31.6548,-177.5411,10.0
1738308966367,4.3,"31 km SW of Lithakiá, Greece",37.4879,20.6265,38.313
1738307277718,4.5,"116 km SSW of Pagar Alam, Indonesia",-4.9911,102.8188,50.249
1738303304850,3.66,"75 km N of Charlotte Amalie, U.S. Virgin Islands",19.021,-64.8675,22.0
1738295948676,3.6,"20 km ENE of Falls City, Texas",29.074,-97.837,2.6611
1738286444364,4.4,"8 km E of Davila, Philippines",18.482,120.6606,36.555
1738284707934,4.2,"52 km ESE of Bobon, Philippines",6.6688,126.7553,107.227
1738282768808,4.5,"Bonin Islands, Japan region",27.5216,143.063,10.0
1738282084358,4.5,Mauritius - Reunion region,-17.8275,66.1214,10.0
1738279480274,4.6,northern East Pacific Rise,9.8536,-104.3665,10.0
1738279325949,4.0,"28 km SSE of Gerāsh, Iran",27.4325,54.2511,10.0
1738275433762,4.5,"15 km WNW of Mazo Cruz, Peru",-16.7049,-69.8548,168.741
1738271444085,4.3,"146 km WNW of Tobelo, Indonesia",2.408,126.8759,52.726
1738267525930,4.0,"4 km NNW of Yujing, Taiwan",23.1678,120.4498,11.419
1738266524120,4.5,"4 km ENE of Manikling, Philippines",6.892,126.0956,76.662
1738265501920,4.3,"69 km NW of Murghob, Tajikistan",38.6695,73.4807,95.162
1738257975891,4.3,"133 km ESE of Kuril’sk, Russia",44.9533,149.5326,58.225
1738255900928,4.4,"Pagan region, Northern Mariana Islands",18.7058,145.5082,207.661
1738252529832,4.1,"1 km ESE of Alivéri, Greece",38.4121,24.0458,17.31
